,Year,Plot,Quadrant,Species,Cover,Site
1,2023,NW333,1,Lolium multiflorum,15,Boothby
2,2023,NW333,1,Vicia faba,20,Boothby
3,2023,NW333,1,Anthriscus sylvestris,2,Boothby
4,2023,NW333,2,Vicia faba,25,Boothby
5,2023,NW333,2,Lolium multiflorum,15,Boothby
6,2023,NW333,2,Phleum pratense,5,Boothby
7,2023,NW333,2,Corn speedwell,1,Boothby
8,2023,NW333,3,Vicia faba,5,Boothby
9,2023,NW333,3,Lolium multiflorum,20,Boothby
10,2023,NW333,3,Phleum pratense,3,Boothby
11,2023,NW333,4,Vicia faba,60,Boothby
12,2023,NW333,4,Lolium multiflorum,15,Boothby
13,2023,NW333,4,Phleum pratense,5,Boothby
14,2023,NW311,1,Triticum aestivum,50,Boothby
15,2023,NW311,1,Bromopsis ramosa,10,Boothby
16,2023,NW311,1,Anisantha sterilis,7,Boothby
17,2023,NW311,1,Poa pratensis,2,Boothby
18,2023,NW311,2,Anisantha sterilis,6,Boothby
19,2023,NW311,2,Bromopsis ramosa,2,Boothby
20,2023,NW311,2,Triticum aestivum,40,Boothby
21,2023,NW311,3,Triticum aestivum,55,Boothby
22,2023,NW311,3,Bromopsis ramosa,10,Boothby
23,2023,NW311,3,Anisantha sterilis,4,Boothby
24,2023,NW311,4,Triticum aestivum,60,Boothby
25,2023,NW311,4,Bromopsis ramosa,3,Boothby
26,2023,NW311,4,Anisantha sterilis,10,Boothby
27,2023,NW133,1,Salix aurita,40,Boothby
28,2023,NW133,1,Cynosurus cristatus,15,Boothby
29,2023,NW133,1,Pulicaria dysenterica,4,Boothby
30,2023,NW133,1,Leucanthemum vulgare,3,Boothby
31,2023,NW133,1,Vicia tetrasperma,25,Boothby
32,2023,NW133,1,Lotus corniculatus,3,Boothby
33,2023,NW133,1,Torilis japonica,10,Boothby
34,2023,NW133,2,Torilis japonica,15,Boothby
35,2023,NW133,2,Salix aurita,27,Boothby
36,2023,NW133,2,Rubus fruticosus,5,Boothby
37,2023,NW133,2,Cynosurus cristatus,10,Boothby
38,2023,NW133,2,Vicia tetrasperma,25,Boothby
39,2023,NW133,2,Holcus lanatus,1,Boothby
40,2023,NW133,2,Lotus corniculatus,5,Boothby
41,2023,NW133,2,Leucanthemum vulgare,3,Boothby
42,2023,NW133,3,Vicia tetrasperma,28,Boothby
43,2023,NW133,3,Cynosurus cristatus,5,Boothby
44,2023,NW133,3,Salix aurita,25,Boothby
45,2023,NW133,3,Torilis japonica,5,Boothby
46,2023,NW133,3,Poa pratensis,8,Boothby
47,2023,NW133,3,Elymus repens,5,Boothby
48,2023,NW133,3,Geranium dissectum,6,Boothby
49,2023,NW133,3,Phleum pratense,3,Boothby
50,2023,NW133,3,Holcus lanatus,5,Boothby
51,2023,NW133,4,Vicia tetrasperma,20,Boothby
52,2023,NW133,4,Salix aurita,10,Boothby
53,2023,NW133,4,Torilis japonica,20,Boothby
54,2023,NW133,4,Leucanthemum vulgare,4,Boothby
55,2023,NW133,4,Taraxacum officinale,10,Boothby
56,2023,NW133,4,Anisantha sterilis,15,Boothby
57,2023,NW133,4,Holcus lanatus,4,Boothby
58,2023,NW133,4,Cynosurus cristatus,7,Boothby
59,2023,NW133,4,Geranium dissectum,4,Boothby
60,2023,NW133,4,Poa annua,3,Boothby
61,2023,NW133,4,Pulicaria dysenterica,3,Boothby
62,2023,NW322,1,Triticum aestivum,100,Boothby
63,2023,NW322,2,Triticum aestivum,100,Boothby
64,2023,NW322,3,Triticum aestivum,100,Boothby
65,2023,NW322,4,Triticum aestivum,100,Boothby
66,2023,NW233,1,Triticum aestivum,100,Boothby
67,2023,NW233,2,Triticum aestivum,100,Boothby
68,2023,NW233,3,Triticum aestivum,90,Boothby
69,2023,NW233,4,Triticum aestivum,100,Boothby
70,2023,NW222,1,Triticum aestivum,100,Boothby
71,2023,NW222,2,Triticum aestivum,100,Boothby
72,2023,NW222,3,Triticum aestivum,100,Boothby
73,2023,NW222,4,Triticum aestivum,100,Boothby
74,2023,NW211,1,Triticum aestivum,100,Boothby
75,2023,NW211,2,Triticum aestivum,100,Boothby
76,2023,NW211,3,Triticum aestivum,100,Boothby
77,2023,NW211,4,Triticum aestivum,100,Boothby
78,2023,NW122,1,Triticum aestivum,100,Boothby
79,2023,NW122,2,Triticum aestivum,90,Boothby
80,2023,NW122,3,Triticum aestivum,90,Boothby
81,2023,NW122,4,Triticum aestivum,65,Boothby
82,2023,NW112,1,Phleum pratense,2,Boothby
83,2023,NW112,1,Triticum aestivum,98,Boothby
84,2023,NW112,2,Phleum pratense,15,Boothby
85,2023,NW112,2,Triticum aestivum,80,Boothby
86,2023,NW112,3,Phleum pratense,18,Boothby
87,2023,NW112,3,Triticum aestivum,72,Boothby
88,2023,NW112,4,Phleum pratense,1,Boothby
89,2023,NW112,4,Triticum aestivum,99,Boothby
90,2023,NW113,1,Phleum pratense,15,Boothby
91,2023,NW113,1,Triticum aestivum,85,Boothby
92,2023,NW113,2,Phleum pratense,20,Boothby
93,2023,NW113,2,Triticum aestivum,80,Boothby
94,2023,NW113,3,Phleum pratense,30,Boothby
95,2023,NW113,3,Triticum aestivum,70,Boothby
96,2023,NW113,4,Phleum pratense,5,Boothby
97,2023,NW113,4,Triticum aestivum,95,Boothby
98,2023,NW111,1,Lolium giganteum,70,Boothby
99,2023,NW111,1,Poa trivialis,6,Boothby
100,2023,NW111,1,Glechoma hederacea,4,Boothby
101,2023,NW111,2,Lolium giganteum,85,Boothby
102,2023,NW111,2,Poa trivialis,5,Boothby
103,2023,NW111,3,Lolium giganteum,50,Boothby
104,2023,NW111,3,Poa trivialis,15,Boothby
105,2023,NW111,3,Glechoma hederacea,25,Boothby
106,2023,NW111,3,Mercurialis perennis,10,Boothby
107,2023,NW111,4,Lolium giganteum,70,Boothby
108,2023,NW111,4,Glechoma hederacea,10,Boothby
109,2023,NW111,4,Prunus spinosa,5,Boothby
110,2023,S111,1,Vicia faba,90,Boothby
111,2023,S111,1,Phleum pratense,3,Boothby
112,2023,S111,2,Vicia faba,90,Boothby
113,2023,S111,3,Vicia faba,70,Boothby
114,2023,S111,4,Vicia faba,60,Boothby
115,2023,S131,1,Pulicaria dysenterica,3,Boothby
116,2023,S131,1,Taraxacum officinale,4,Boothby
117,2023,S131,1,Geranium rotundifolium,4,Boothby
118,2023,S131,1,Atriplex patula,2,Boothby
119,2023,S131,1,Vicia faba,70,Boothby
120,2023,S131,2,Matricaria chamomilla,4,Boothby
121,2023,S131,2,Vicia faba,91,Boothby
122,2023,S131,3,Vicia faba,60,Boothby
123,2023,S131,3,Pulicaria dysenterica,3,Boothby
124,2023,S131,3,Primula veris,1,Boothby
125,2023,S131,3,Matricaria chamomilla,1,Boothby
126,2023,S131,4,Atriplex patula,1,Boothby
127,2023,S131,4,Matricaria discoidea,1,Boothby
128,2023,S131,4,Vicia faba,66,Boothby
129,2023,S131,4,Matricaria chamomilla,2,Boothby
130,2023,S132,1,Triticum aestivum,8,Boothby
131,2023,S132,1,Lolium multiflorum,1,Boothby
132,2023,S132,1,Matricaria discoidea,1,Boothby
133,2023,S132,1,Epilobium parviflorum,3,Boothby
134,2023,S132,2,Triticum aestivum,10,Boothby
135,2023,S132,2,Matricaria discoidea,2,Boothby
136,2023,S132,2,Epilobium parviflorum,8,Boothby
137,2023,S132,3,Sonchus arvensis,4,Boothby
138,2023,S132,3,Matricaria discoidea,5,Boothby
139,2023,S132,3,Epilobium parviflorum,4,Boothby
140,2023,S132,3,Triticum aestivum,18,Boothby
141,2023,S132,4,Triticum aestivum,7,Boothby
142,2023,S132,4,Epilobium parviflorum,4,Boothby
143,2023,S132,4,Epilobium angustifolium,2,Boothby
144,2023,S132,4,Poa trivialis,2,Boothby
145,2023,S133,1,Heracleum mantegazzianum,30,Boothby
146,2023,S133,1,Urtica dioica,45,Boothby
147,2023,S133,1,Elymus repens,15,Boothby
148,2023,S133,1,Rumex crispus,10,Boothby
149,2023,S133,1,Poa trivialis,5,Boothby
150,2023,S133,2,Anthriscus sylvestris,70,Boothby
151,2023,S133,2,Rumex crispus,10,Boothby
152,2023,S133,2,Elymus repens,5,Boothby
153,2023,S133,2,Heracleum mantegazzianum,10,Boothby
154,2023,S133,2,Arrhenatherum elatius,10,Boothby
155,2023,S133,2,Glechoma hederacea,2,Boothby
156,2023,S133,2,Sonchus arvensis,5,Boothby
157,2023,S133,2,Urtica dioica,2,Boothby
158,2023,S133,3,Heracleum mantegazzianum,50,Boothby
159,2023,S133,3,Sonchus arvensis,5,Boothby
160,2023,S133,3,Anthriscus sylvestris,10,Boothby
161,2023,S133,3,Elymus repens,15,Boothby
162,2023,S133,3,Urtica dioica,15,Boothby
163,2023,S133,3,Deschampsia cespitosa,5,Boothby
164,2023,S133,4,Sonchus arvensis,11,Boothby
165,2023,S133,4,Rumex crispus,15,Boothby
166,2023,S133,4,Heracleum mantegazzianum,15,Boothby
167,2023,S133,4,Elymus repens,40,Boothby
168,2023,S133,4,Deschampsia cespitosa,2,Boothby
169,2023,S133,4,Anthriscus sylvestris,15,Boothby
170,2023,S311,1,Epilobium ciliatum,2,Boothby
171,2023,S311,1,Matricaria discoidea,4,Boothby
172,2023,S311,2,Epilobium ciliatum,2,Boothby
173,2023,S311,2,Senecio aureus,1,Boothby
174,2023,S311,3,Senecio aureus,1,Boothby
175,2023,S311,3,Matricaria discoidea,20,Boothby
176,2023,S311,4,Matricaria discoidea,8,Boothby
177,2023,S321,1,Anisantha sterilis,70,Boothby
178,2023,S321,1,Urtica dioica,10,Boothby
179,2023,S321,1,Galium aparine,10,Boothby
180,2023,S321,2,Anisantha sterilis,45,Boothby
181,2023,S321,2,Urtica dioica,35,Boothby
182,2023,S321,2,Galium aparine,10,Boothby
183,2023,S321,3,Anisantha sterilis,9,Boothby
184,2023,S321,3,Galium aparine,10,Boothby
185,2023,S321,4,Urtica dioica,50,Boothby
186,2023,S321,4,Anisantha sterilis,50,Boothby
187,2023,S321,4,Galium aparine,2,Boothby
188,2023,S233,1,Alopecurus pratensis,1,Boothby
189,2023,S233,1,Anisantha sterilis,50,Boothby
190,2023,S233,1,Galium aparine,1,Boothby
191,2023,S233,1,Salix aurita,8,Boothby
192,2023,S233,1,Anthriscus sylvestris,5,Boothby
193,2023,S233,1,Elymus repens,25,Boothby
194,2023,S233,1,Deschampsia cespitosa,1,Boothby
195,2023,S233,2,Salix aurita,40,Boothby
196,2023,S233,2,Cynosurus cristatus,20,Boothby
197,2023,S233,2,Anthriscus sylvestris,5,Boothby
198,2023,S233,2,Hordeum murinum,2,Boothby
199,2023,S233,2,Alopecurus pratensis,2,Boothby
200,2023,S233,2,Deschampsia cespitosa,5,Boothby
201,2023,S233,2,Anisantha sterilis,25,Boothby
202,2023,S233,3,Salix aurita,40,Boothby
203,2023,S233,3,Anisantha sterilis,40,Boothby
204,2023,S233,3,Alopecurus pratensis,1,Boothby
205,2023,S233,3,Deschampsia flexuosa,1,Boothby
206,2023,S233,3,Deschampsia cespitosa,1,Boothby
207,2023,S233,3,Anthriscus sylvestris,2,Boothby
208,2023,S233,3,Rumex acetosa,5,Boothby
209,2023,S233,4,Rumex acetosa,13,Boothby
210,2023,S233,4,Anisantha sterilis,55,Boothby
211,2023,S233,4,Hordeum murinum,4,Boothby
212,2023,S233,4,Anthriscus sylvestris,8,Boothby
213,2023,S233,4,Deschampsia cespitosa,5,Boothby
214,2023,S211,1,Triticum aestivum,10,Boothby
215,2023,S211,1,Bromus hordeaceus,40,Boothby
216,2023,S211,1,Deschampsia cespitosa,5,Boothby
217,2023,S211,1,Taraxacum officinale,2,Boothby
218,2023,S211,2,Triticum aestivum,20,Boothby
219,2023,S211,2,Bromus hordeaceus,25,Boothby
220,2023,S211,2,Arrhenatherum elatius,20,Boothby
221,2023,S211,2,Anthriscus sylvestris,3,Boothby
222,2023,S211,2,Elymus repens,5,Boothby
223,2023,S211,3,Bromus hordeaceus,25,Boothby
224,2023,S211,3,Triticum aestivum,20,Boothby
225,2023,S211,3,Arrhenatherum elatius,5,Boothby
226,2023,S211,4,Triticum aestivum,10,Boothby
227,2023,S211,4,Bromus hordeaceus,30,Boothby
228,2023,S211,4,Arrhenatherum elatius,35,Boothby
229,2023,S211,4,Lotus corniculatus,1,Boothby
230,2023,S213,1,Triticum aestivum,30,Boothby
231,2023,S213,2,Triticum aestivum,15,Boothby
232,2023,S213,3,Triticum aestivum,25,Boothby
233,2023,S213,4,Triticum aestivum,25,Boothby
234,2023,S222,1,Triticum aestivum,100,Boothby
235,2023,S222,2,Triticum aestivum,100,Boothby
236,2023,S222,3,Triticum aestivum,100,Boothby
237,2023,S222,4,Triticum aestivum,100,Boothby
238,2023,S122,1,Vicia faba,100,Boothby
239,2023,S122,2,Vicia faba,80,Boothby
240,2023,S122,2,Brassica napus,10,Boothby
241,2023,S122,3,Vicia faba,80,Boothby
242,2023,S122,3,Brassica napus,15,Boothby
243,2023,S122,3,Matricaria chamomilla,5,Boothby
244,2023,S122,4,Vicia faba,70,Boothby
245,2023,S122,4,Brassica napus,25,Boothby
246,2023,C333,1,Triticum aestivum,6,Boothby
247,2023,C333,1,Lolium multiflorum,7,Boothby
248,2023,C333,1,Pulicaria dysenterica,1,Boothby
249,2023,C333,2,Triticum aestivum,15,Boothby
250,2023,C333,2,Lolium multiflorum,35,Boothby
251,2023,C333,3,Triticum aestivum,10,Boothby
252,2023,C333,3,Helminthotheca echioides,0.2,Boothby
253,2023,C333,4,Triticum aestivum,15,Boothby
254,2023,C333,4,Lolium multiflorum,10,Boothby
255,2023,C322,1,Matricaria chamomilla,15,Boothby
256,2023,C322,1,Vicia faba,15,Boothby
257,2023,C322,1,Capsella bursa-pastoris,8,Boothby
258,2023,C322,1,Taraxacum officinale,2,Boothby
259,2023,C322,1,Epilobium parviflorum,1,Boothby
260,2023,C322,2,Vicia faba,40,Boothby
261,2023,C322,2,Matricaria chamomilla,16,Boothby
262,2023,C322,2,Anthriscus sylvestris,1,Boothby
263,2023,C322,3,Vicia faba,10,Boothby
264,2023,C322,3,Matricaria chamomilla,75,Boothby
265,2023,C322,3,Capsella bursa-pastoris,5,Boothby
266,2023,C322,4,Matricaria chamomilla,20,Boothby
267,2023,C322,4,Capsella bursa-pastoris,12,Boothby
268,2023,C322,4,Epilobium angustifolium,2,Boothby
269,2023,C322,4,Vicia faba,20,Boothby
270,2023,0,1,Triticum aestivum,1,Boothby
271,2023,0,1,Hordeum vulgare,99,Boothby
272,2023,0,2,Hordeum vulgare,80,Boothby
273,2023,0,3,Hordeum vulgare,80,Boothby
274,2023,0,4,Hordeum vulgare,80,Boothby
275,2023,C112,1,Vicia faba,25,Boothby
276,2023,C112,1,Matricaria discoidea,40,Boothby
277,2023,C112,1,Centaurea nigra,6,Boothby
278,2023,C112,2,Matricaria discoidea,40,Boothby
279,2023,C112,3,Matricaria discoidea,25,Boothby
280,2023,C112,3,Bromus hordeaceus,5,Boothby
281,2023,C112,3,Epilobium parviflorum,4,Boothby
282,2023,C112,4,Vicia faba,10,Boothby
283,2023,C112,4,Matricaria discoidea,30,Boothby
284,2023,C112,4,Sonchus arvensis,3,Boothby
285,2023,C111,1,Vicia faba,10,Boothby
286,2023,C111,1,Matricaria discoidea,20,Boothby
287,2023,C111,1,Atriplex patula,4,Boothby
288,2023,C111,2,Vicia faba,15,Boothby
289,2023,C111,2,Triticum aestivum,4,Boothby
290,2023,C111,2,Matricaria discoidea,5,Boothby
291,2023,C111,2,Atriplex patula,7,Boothby
292,2023,C111,3,Veronica chamaedrys,3,Boothby
293,2023,C111,3,Matricaria discoidea,5,Boothby
294,2023,C111,3,Vicia faba,2,Boothby
295,2023,C111,3,Epilobium angustifolium,1,Boothby
296,2023,C111,4,Vicia faba,25,Boothby
297,2023,C111,4,Matricaria discoidea,2,Boothby
298,2023,C111,4,Atriplex patula,8,Boothby
299,2023,C113,1,Triticum aestivum,100,Boothby
300,2023,C113,2,Triticum aestivum,100,Boothby
301,2023,C113,3,Triticum aestivum,100,Boothby
302,2023,C113,4,Triticum aestivum,100,Boothby
303,2023,C133,1,Triticum aestivum,100,Boothby
304,2023,C133,2,Triticum aestivum,100,Boothby
305,2023,C133,3,Triticum aestivum,100,Boothby
306,2023,C133,4,Triticum aestivum,100,Boothby
307,2023,C213,1,Hordeum vulgare,100,Boothby
308,2023,C213,2,Hordeum vulgare,100,Boothby
309,2023,C213,3,Hordeum vulgare,100,Boothby
310,2023,C213,4,Hordeum vulgare,100,Boothby
311,2023,NE111,1,Juncus effusus,35,Boothby
312,2023,NE111,1,Holcus lanatus,50,Boothby
313,2023,NE111,1,Lotus corniculatus,6,Boothby
314,2023,NE111,1,Geranium dissectum,4,Boothby
315,2023,NE111,1,Ranunculus repens,5,Boothby
316,2023,NE111,1,Vicia sativa,2,Boothby
317,2023,NE111,2,Juncus effusus,40,Boothby
318,2023,NE111,2,Holcus lanatus,40,Boothby
319,2023,NE111,2,Phragmites australis,8,Boothby
320,2023,NE111,2,Lotus corniculatus,7,Boothby
321,2023,NE111,2,Cirsium arvense,5,Boothby
322,2023,NE111,3,Juncus effusus,4,Boothby
323,2023,NE111,3,Holcus lanatus,65,Boothby
324,2023,NE111,3,Lotus corniculatus,8,Boothby
325,2023,NE111,3,Geranium dissectum,3,Boothby
326,2023,NE111,4,Holcus lanatus,35,Boothby
327,2023,NE111,4,Juncus effusus,25,Boothby
328,2023,NE111,4,Phragmites australis,4,Boothby
329,2023,NE111,4,Poa pratensis,1,Boothby
330,2023,NE111,4,Cirsium arvense,5,Boothby
331,2023,NE111,4,Lotus corniculatus,10,Boothby
332,2023,NE111,4,Geranium dissectum,5,Boothby
333,2023,NE112,1,Leucanthemum vulgare,60,Boothby
334,2023,NE112,1,Dactylis glomerata,5,Boothby
335,2023,NE112,1,Phleum pratense,2,Boothby
336,2023,NE112,1,Geranium dissectum,10,Boothby
337,2023,NE112,1,Poa trivialis,8,Boothby
338,2023,NE112,1,Vicia sativa,5,Boothby
339,2023,NE112,2,Leucanthemum vulgare,55,Boothby
340,2023,NE112,2,Vicia sativa,15,Boothby
341,2023,NE112,2,Geranium dissectum,10,Boothby
342,2023,NE112,2,Holcus lanatus,4,Boothby
343,2023,NE112,2,Deschampsia cespitosa,2,Boothby
344,2023,NE112,2,Bromus hordeaceus,2,Boothby
345,2023,NE112,2,Cirsium vulgare,5,Boothby
346,2023,NE112,2,Crepis capillaris,2,Boothby
347,2023,NE112,3,Leucanthemum vulgare,40,Boothby
348,2023,NE112,3,Phleum pratense,10,Boothby
349,2023,NE112,3,Dactylis glomerata,8,Boothby
350,2023,NE112,3,Holcus lanatus,7,Boothby
351,2023,NE112,3,Geranium dissectum,10,Boothby
352,2023,NE112,3,Vicia sativa,3,Boothby
353,2023,NE112,3,Cynosurus cristatus,1,Boothby
354,2023,NE112,3,Deschampsia flexuosa,10,Boothby
355,2023,NE112,3,Fraxinus excelsior,3,Boothby
356,2023,NE112,4,Leucanthemum vulgare,8,Boothby
357,2023,NE112,4,Dactylis glomerata,1,Boothby
358,2023,NE112,4,Phleum pratense,8,Boothby
359,2023,NE112,4,Lolium multiflorum,6,Boothby
360,2023,NE112,4,Vicia sativa,10,Boothby
361,2023,NE112,4,Geranium dissectum,6,Boothby
362,2023,NE112,4,Cynosurus cristatus,3,Boothby
363,2023,NE112,4,Crepis capillaris,5,Boothby
364,2023,NE112,4,Anthriscus sylvestris,3,Boothby
365,2023,NE112,4,Lotus corniculatus,3,Boothby
366,2023,NE112,4,Poa pratensis,4,Boothby
367,2023,NE112,4,Cirsium arvense,4,Boothby
368,2023,NE112,4,Deschampsia flexuosa,2,Boothby
369,2023,NE113,1,Matricaria chamomilla,12,Boothby
370,2023,NE113,1,Lolium multiflorum,10,Boothby
371,2023,NE113,1,Geranium dissectum,3,Boothby
372,2023,NE113,1,Poa trivialis,3,Boothby
373,2023,NE113,1,Poa annua,2,Boothby
374,2023,NE113,2,Matricaria chamomilla,30,Boothby
375,2023,NE113,2,Cirsium arvense,4,Boothby
376,2023,NE113,2,Lolium multiflorum,7,Boothby
377,2023,NE113,2,Deschampsia flexuosa,5,Boothby
378,2023,NE113,2,Lotus corniculatus,1,Boothby
379,2023,NE113,3,Cirsium vulgare,15,Boothby
380,2023,NE113,3,Matricaria chamomilla,10,Boothby
381,2023,NE113,3,Stellaria media,4,Boothby
382,2023,NE113,3,Anisantha sterilis,6,Boothby
383,2023,NE113,3,Poa annua,1,Boothby
384,2023,NE113,3,Deschampsia flexuosa,1,Boothby
385,2023,NE113,4,Matricaria chamomilla,20,Boothby
386,2023,NE113,4,Lolium multiflorum,17,Boothby
387,2023,NE113,4,Geranium dissectum,3,Boothby
388,2023,NE113,4,Lotus corniculatus,8,Boothby
389,2023,NE113,4,Prunus padus,3,Boothby
390,2023,NE113,4,Stellaria media,2,Boothby
391,2023,NE113,4,Holcus lanatus,16,Boothby
392,2023,NE113,4,Hordeum murinum,1,Boothby
393,2023,NE113,4,Deschampsia flexuosa,9,Boothby
394,2023,NE113,4,Epilobium angustifolium,6,Boothby
395,2023,NE131,1,Phleum pratense,17,Boothby
396,2023,NE131,1,Cynosurus cristatus,7,Boothby
397,2023,NE131,1,Bromus hordeaceus,7,Boothby
398,2023,NE131,1,Crepis vesicaria,2,Boothby
399,2023,NE131,1,Alopecurus pratensis,1,Boothby
400,2023,NE131,1,Agrostis stolonifera,51,Boothby
401,2023,NE131,2,Bromus hordeaceus,5,Boothby
402,2023,NE131,2,Phleum pratense,15,Boothby
403,2023,NE131,2,Agrostis stolonifera,70,Boothby
404,2023,NE131,2,Lolium multiflorum,2,Boothby
405,2023,NE131,2,Crepis vesicaria,4,Boothby
406,2023,NE131,3,Phleum pratense,40,Boothby
407,2023,NE131,3,Lolium multiflorum,10,Boothby
408,2023,NE131,3,Festuca myuros,5,Boothby
409,2023,NE131,3,Agrostis stolonifera,15,Boothby
410,2023,NE131,3,Plantago major,1,Boothby
411,2023,NE131,4,Phleum pratense,15,Boothby
412,2023,NE131,4,Lolium multiflorum,4,Boothby
413,2023,NE131,4,Agrostis stolonifera,25,Boothby
414,2023,NE131,4,Plantago major,1,Boothby
415,2023,NE133,1,Phleum pratense,12,Boothby
416,2023,NE133,1,Pulicaria dysenterica,2,Boothby
417,2023,NE133,2,Epilobium angustifolium,2,Boothby
418,2023,NE133,2,Pulicaria dysenterica,1,Boothby
419,2023,NE133,2,Matricaria chamomilla,2,Boothby
420,2023,NE133,2,Phleum pratense,12,Boothby
421,2023,NE133,3,Matricaria chamomilla,70,Boothby
422,2023,NE133,3,Phleum pratense,6,Boothby
423,2023,NE133,3,Polygonum aviculare,0.5,Boothby
424,2023,NE133,4,Matricaria chamomilla,20,Boothby
425,2023,NE133,4,Phleum pratense,12,Boothby
426,2023,NE122,1,Brassica napus,100,Boothby
427,2023,NE122,2,Brassica napus,100,Boothby
428,2023,NE122,3,Brassica napus,100,Boothby
429,2023,NE122,4,Brassica napus,100,Boothby
430,2023,NE222,1,Brassica napus,100,Boothby
431,2023,NE222,2,Brassica napus,100,Boothby
432,2023,NE222,3,Brassica napus,100,Boothby
433,2023,NE222,4,Brassica napus,100,Boothby
434,2023,NE233,1,Brassica napus,100,Boothby
435,2023,NE233,2,Brassica napus,100,Boothby
436,2023,NE233,3,Brassica napus,100,Boothby
437,2023,NE233,4,Brassica napus,100,Boothby
438,2023,NE321,1,Rumex crispus,8,Boothby
439,2023,NE321,1,Mercurialis perennis,1,Boothby
440,2023,NE321,2,Rumex crispus,5,Boothby
441,2023,NE321,2,Fagus sylvatica,0.5,Boothby
442,2023,NE321,3,Fagus sylvatica,1,Boothby
443,2023,NE321,4,Rumex crispus,6,Boothby
444,2023,NE321,4,Fagus sylvatica,1,Boothby
445,2023,NE322,1,Myosotis secunda,50,Boothby
446,2023,NE322,1,Bromus hordeaceus,20,Boothby
447,2023,NE322,1,Phleum pratense,5,Boothby
448,2023,NE322,1,Anisantha sterilis,12,Boothby
449,2023,NE322,1,Galium aparine,3,Boothby
450,2023,NE322,2,Myosotis secunda,70,Boothby
451,2023,NE322,2,Bromus hordeaceus,10,Boothby
452,2023,NE322,2,Anisantha sterilis,15,Boothby
453,2023,NE322,2,Galium aparine,5,Boothby
454,2023,NE322,3,Myosotis secunda,50,Boothby
455,2023,NE322,3,Lolium giganteum,10,Boothby
456,2023,NE322,3,Bromus hordeaceus,15,Boothby
457,2023,NE322,3,Cirsium vulgare,10,Boothby
458,2023,NE322,3,Hieracium sp.,4,Boothby
459,2023,NE322,3,Anisantha sterilis,11,Boothby
460,2023,NE322,4,Myosotis secunda,55,Boothby
461,2023,NE322,4,Anisantha sterilis,25,Boothby
462,2023,NE322,4,Galium aparine,4,Boothby
463,2023,NE322,4,Bromus hordeaceus,10,Boothby
464,2023,NE322,4,Hieracium sp.,4,Boothby
465,2023,NE322,4,Lolium giganteum,2,Boothby
466,2023,NE332,1,Deschampsia flexuosa,10,Boothby
467,2023,NE332,1,Phleum pratense,20,Boothby
468,2023,NE332,1,Viola arvensis,15,Boothby
469,2023,NE332,1,Fraxinus excelsior,5,Boothby
470,2023,NE332,2,Fraxinus excelsior,5,Boothby
471,2023,NE332,2,Phleum pratense,50,Boothby
472,2023,NE332,2,Cirsium vulgare,1,Boothby
473,2023,NE332,2,Deschampsia flexuosa,5,Boothby
474,2023,NE332,2,Viola arvensis,7,Boothby
475,2023,NE332,3,Cirsium vulgare,7,Boothby
476,2023,NE332,3,Sonchus asper,4,Boothby
477,2023,NE332,3,Phleum pratense,30,Boothby
478,2023,NE332,3,Fraxinus excelsior,5,Boothby
479,2023,NE332,3,Viola arvensis,4,Boothby
480,2023,NE332,3,Epilobium angustifolium,1,Boothby
481,2023,NE332,3,Galium aparine,4,Boothby
482,2023,NE332,3,Deschampsia flexuosa,3,Boothby
483,2023,NE332,4,Cirsium vulgare,25,Boothby
484,2023,NE332,4,Phleum pratense,20,Boothby
485,2023,NE332,4,Epilobium parviflorum,2,Boothby
486,2023,NE332,4,Fraxinus excelsior,6,Boothby
487,2023,NE332,4,Viola arvensis,10,Boothby
488,2023,NE332,4,Deschampsia flexuosa,5,Boothby
489,2023,NE332,4,Hordeum murinum,1,Boothby
490,2023,NE332,4,Galium aparine,3,Boothby
491,2023,NE331,1,Sonchus asper,45,Boothby
492,2023,NE331,1,Epilobium angustifolium,20,Boothby
493,2023,NE331,1,Matricaria discoidea,15,Boothby
494,2023,NE331,2,Matricaria discoidea,50,Boothby
495,2023,NE331,2,Epilobium angustifolium,25,Boothby
496,2023,NE331,3,Sonchus asper,90,Boothby
497,2023,NE331,3,Matricaria discoidea,10,Boothby
498,2023,NE331,4,Matricaria discoidea,60,Boothby
499,2023,NE331,4,Pulicaria dysenterica,8,Boothby
500,2023,NE331,4,Sonchus asper,15,Boothby
501,2023,NE333,1,Brassica napus,100,Boothby
502,2023,NE333,2,Brassica napus,100,Boothby
503,2023,NE333,3,Brassica napus,100,Boothby
504,2023,NE333,4,Brassica napus,100,Boothby
505,2023,C222,1,Prunus spinosa,15,Boothby
506,2023,C222,1,Glechoma hederacea,5,Boothby
507,2023,C222,1,Galium aparine,5,Boothby
508,2023,C222,1,Rumex crispus,6,Boothby
509,2023,C222,1,Rubus fruticosus,8,Boothby
510,2023,C222,1,Poa nemoralis,3,Boothby
511,2023,C222,1,Dactylis glomerata,4,Boothby
512,2023,C222,1,Hedera helix,15,Boothby
513,2023,C222,1,Brachypodium sylvaticum,20,Boothby
514,2023,C222,2,Rubus fruticosus,40,Boothby
515,2023,C222,2,Fraxinus excelsior,15,Boothby
516,2023,C222,2,Anthriscus sylvestris,5,Boothby
517,2023,C222,2,Brachypodium sylvaticum,15,Boothby
518,2023,C222,2,Dactylis glomerata,5,Boothby
519,2023,C222,2,Rumex crispus,3,Boothby
520,2023,C222,2,Glechoma hederacea,2,Boothby
521,2023,C222,3,Prunus spinosa,25,Boothby
522,2023,C222,3,Taraxacum officinale,20,Boothby
523,2023,C222,3,Rubus fruticosus,8,Boothby
524,2023,C222,3,Mercurialis perennis,5,Boothby
525,2023,C222,3,Fraxinus excelsior,8,Boothby
526,2023,C222,3,Hedera helix,14,Boothby
527,2023,C222,3,Glechoma hederacea,2,Boothby
528,2023,C222,3,Geranium dissectum,3,Boothby
529,2023,C222,3,Dactylis glomerata,2,Boothby
530,2023,C222,3,Veronica chamaedrys,NA,Boothby
531,2023,C222,4,Hedera helix,30,Boothby
532,2023,C222,4,Prunus spinosa,10,Boothby
533,2023,C222,4,Brachypodium sylvaticum,20,Boothby
534,2023,C222,4,Rubus fruticosus,5,Boothby
535,2023,C222,4,Anthriscus sylvestris,5,Boothby
536,2023,C222,4,Veronica chamaedrys,2,Boothby
537,2023,C222,4,Glechoma hederacea,3,Boothby
538,2023,C222,4,Mercurialis perennis,5,Boothby
539,2023,C221,1,Galium aparine,40,Boothby
540,2023,C221,1,Rubus fruticosus,10,Boothby
541,2023,C221,1,Brachypodium sylvaticum,5,Boothby
542,2023,C221,1,Quercus robur,2,Boothby
543,2023,C221,1,Agrostis stolonifera,15,Boothby
544,2023,C221,2,Galium aparine,25,Boothby
545,2023,C221,2,Urtica dioica,4,Boothby
546,2023,C221,2,Brachypodium sylvaticum,6,Boothby
547,2023,C221,2,Agrostis stolonifera,10,Boothby
548,2023,C221,2,Geranium columbinum,4,Boothby
549,2023,C221,2,Quercus robur,2,Boothby
550,2023,C221,2,Mercurialis perennis,5,Boothby
551,2023,C221,3,Galium aparine,30,Boothby
552,2023,C221,3,Mercurialis perennis,20,Boothby
553,2023,C221,3,Lonicera periclymenum,10,Boothby
554,2023,C221,3,Urtica dioica,2,Boothby
555,2023,C221,4,Galium aparine,60,Boothby
556,2023,C221,4,Urtica dioica,15,Boothby
557,2023,C221,4,Hedera helix,5,Boothby
558,2023,C221,4,Geranium columbinum,6,Boothby
559,2023,C221,4,Lonicera periclymenum,10,Boothby
560,2023,C221,4,Rubus fruticosus,3,Boothby
561,2023,C211,1,Hordeum vulgare,100,Boothby
562,2023,C211,2,Hordeum vulgare,100,Boothby
563,2023,C211,3,Hordeum vulgare,100,Boothby
564,2023,C211,4,Hordeum vulgare,100,Boothby
565,2023,C212,1,Hordeum vulgare,100,Boothby
566,2023,C212,2,Hordeum vulgare,100,Boothby
567,2023,C212,3,Hordeum vulgare,100,Boothby
568,2023,C212,4,Hordeum vulgare,100,Boothby
569,2023,C122,1,Rubus fruticosus,20,Boothby
570,2023,C122,1,Geranium robertianium,6,Boothby
571,2023,C122,1,Poa nemoralis,10,Boothby
572,2023,C122,1,Brachypodium sylvaticum,2,Boothby
573,2023,C122,1,Elymus repens,5,Boothby
574,2023,C122,1,Agrostis stolonifera,25,Boothby
575,2023,C122,1,Fraxinus excelsior,3,Boothby
576,2023,C122,2,Geranium robertianium,20,Boothby
577,2023,C122,2,Rumex crispus,15,Boothby
578,2023,C122,2,Festuca myuros,2,Boothby
579,2023,C122,2,Rubus fruticosus,5,Boothby
580,2023,C122,2,Agrostis stolonifera,15,Boothby
581,2023,C122,2,Elymus repens,1,Boothby
582,2023,C122,2,Mercurialis perennis,2,Boothby
583,2023,C122,2,Glechoma hederacea,3,Boothby
584,2023,C122,3,Potentilla sterilis,25,Boothby
585,2023,C122,3,Geum urbanum,4,Boothby
586,2023,C122,3,Poa nemoralis,8,Boothby
587,2023,C122,3,Agrostis stolonifera,15,Boothby
588,2023,C122,3,Angelica sylvestris,10,Boothby
589,2023,C122,4,Rumex crispus,15,Boothby
590,2023,C122,4,Angelica sylvestris,5,Boothby
591,2023,C122,4,Mercurialis perennis,2,Boothby
592,2023,C122,4,Rubus fruticosus,2,Boothby
593,2023,C122,4,Potentilla sterilis,5,Boothby
594,2023,C123,1,Rubus fruticosus,95,Boothby
595,2023,C123,1,Brachypodium sylvaticum,3,Boothby
596,2023,C123,1,Juncus effusus,2,Boothby
597,2023,C123,2,Rubus fruticosus,90,Boothby
598,2023,C123,2,Brachypodium sylvaticum,4,Boothby
599,2023,C123,2,Juncus effusus,6,Boothby
600,2023,C123,3,Rubus fruticosus,60,Boothby
601,2023,C123,3,Potentilla sterilis,15,Boothby
602,2023,C123,3,Brachypodium sylvaticum,5,Boothby
603,2023,C123,3,Geranium robertianium,2,Boothby
604,2023,C123,4,Rubus fruticosus,98,Boothby
605,2023,C123,4,Brachypodium sylvaticum,2,Boothby
606,2023,C121,1,Dactylis glomerata,70,Boothby
607,2023,C121,1,Anisantha sterilis,5,Boothby
608,2023,C121,1,Rumex crispus,4,Boothby
609,2023,C121,1,Fraxinus excelsior,8,Boothby
610,2023,C121,1,Potentilla sterilis,2,Boothby
611,2023,C121,1,Glechoma hederacea,2,Boothby
612,2023,C121,1,Anthriscus sylvestris,3,Boothby
613,2023,C121,2,Heracleum sphondylium,15,Boothby
614,2023,C121,2,Dactylis glomerata,40,Boothby
615,2023,C121,2,Potentilla sterilis,3,Boothby
616,2023,C121,2,Fraxinus excelsior,10,Boothby
617,2023,C121,2,Anthriscus sylvestris,6,Boothby
618,2023,C121,2,Anisantha sterilis,5,Boothby
619,2023,C121,2,Galium aparine,1,Boothby
620,2023,C121,2,Rumex crispus,1,Boothby
621,2023,C121,3,Anthriscus sylvestris,8,Boothby
622,2023,C121,3,Glechoma hederacea,2,Boothby
623,2023,C121,3,Fraxinus excelsior,15,Boothby
624,2023,C121,3,Potentilla sterilis,3,Boothby
625,2023,C121,3,Dactylis glomerata,25,Boothby
626,2023,C121,3,Anisantha sterilis,15,Boothby
627,2023,C121,4,Fraxinus excelsior,30,Boothby
628,2023,C121,4,Anthriscus sylvestris,12,Boothby
629,2023,C121,4,Anisantha sterilis,10,Boothby
630,2023,C121,4,Dactylis glomerata,20,Boothby
631,2023,C121,4,Glechoma hederacea,5,Boothby
632,2023,C121,4,Geranium robertianium,6,Boothby
633,2023,NW323,1,Vicia faba,99,Boothby
634,2023,NW323,1,Anisantha sterilis,1,Boothby
635,2023,NW323,2,Vicia faba,90,Boothby
636,2023,NW323,2,Anisantha sterilis,3,Boothby
637,2023,NW323,3,Vicia faba,95,Boothby
638,2023,NW323,3,Anisantha sterilis,3,Boothby
639,2023,NW323,3,Anthriscus sylvestris,2,Boothby
640,2023,NW323,4,Vicia faba,90,Boothby
641,2023,NW323,4,Poa pratensis,2,Boothby
642,2023,NW312,1,Vicia faba,90,Boothby
643,2023,NW312,2,Vicia faba,92,Boothby
644,2023,NW312,3,Mercurialis perennis,3,Boothby
645,2023,NW312,3,Vicia faba,92,Boothby
646,2023,NW312,4,Epilobium ciliatum,1,Boothby
647,2023,NW312,4,Vicia faba,93,Boothby
648,2023,NW332,1,Vicia faba,30,Boothby
649,2023,NW332,1,Anthriscus sylvestris,4,Boothby
650,2023,NW332,1,Capsella bursa-pastoris,2,Boothby
651,2023,NW332,1,Matricaria discoidea,1,Boothby
652,2023,NW332,2,Vicia faba,15,Boothby
653,2023,NW332,2,Anthriscus sylvestris,2,Boothby
654,2023,NW332,2,Matricaria discoidea,1,Boothby
655,2023,NW332,3,Vicia faba,18,Boothby
656,2023,NW332,3,Matricaria discoidea,2,Boothby
657,2023,NW332,4,Vicia faba,55,Boothby
658,2023,NW332,4,Triticum aestivum,1,Boothby
659,2023,NW332,4,Stellaria media,2,Boothby
660,2023,C313,1,Vicia faba,95,Boothby
661,2023,C313,1,Matricaria chamomilla,4,Boothby
662,2023,C313,1,Capsella bursa-pastoris,1,Boothby
663,2023,C313,2,Vicia faba,100,Boothby
664,2023,C313,3,Vicia faba,100,Boothby
665,2023,C313,4,Vicia faba,100,Boothby
666,2023,C331,1,Vicia faba,60,Boothby
667,2023,C331,1,Anthriscus sylvestris,6,Boothby
668,2023,C331,1,Matricaria chamomilla,2,Boothby
669,2023,C331,1,Capsella bursa-pastoris,1,Boothby
670,2023,C331,1,Matricaria discoidea,3,Boothby
671,2023,C331,2,Vicia faba,70,Boothby
672,2023,C331,2,Matricaria chamomilla,2,Boothby
673,2023,C331,2,Anthriscus sylvestris,4,Boothby
674,2023,C331,2,Capsella bursa-pastoris,3,Boothby
675,2023,C331,3,Vicia faba,40,Boothby
676,2023,C331,3,Capsella bursa-pastoris,0.2,Boothby
677,2023,C331,3,Anthriscus sylvestris,7,Boothby
678,2023,C331,4,Vicia faba,75,Boothby
679,2023,C331,4,Capsella bursa-pastoris,10,Boothby
680,2023,C331,4,Anthriscus sylvestris,2,Boothby
681,2023,C332,1,Triticum aestivum,25,Boothby
682,2023,C332,1,Epilobium angustifolium,4,Boothby
683,2023,C332,1,Epilobium parviflorum,1,Boothby
684,2023,C332,1,Matricaria chamomilla,1,Boothby
685,2023,C332,2,Triticum aestivum,25,Boothby
686,2023,C332,2,Epilobium angustifolium,6,Boothby
687,2023,C332,2,Matricaria discoidea,0.5,Boothby
688,2023,C332,3,Triticum aestivum,15,Boothby
689,2023,C332,3,Epilobium angustifolium,2,Boothby
690,2023,C332,3,Matricaria chamomilla,1,Boothby
691,2023,C332,3,Anthriscus sylvestris,0.5,Boothby
692,2023,C332,4,Triticum aestivum,30,Boothby
693,2023,C332,4,Epilobium angustifolium,8,Boothby
694,2023,C332,4,Matricaria discoidea,1,Boothby
695,2023,C323,1,Triticum aestivum,15,Boothby
696,2023,C323,1,Epilobium angustifolium,3,Boothby
697,2023,C323,1,Sonchus asper,2,Boothby
698,2023,C323,1,Matricaria discoidea,2,Boothby
699,2023,C323,2,Triticum aestivum,15,Boothby
700,2023,C323,2,Matricaria discoidea,2,Boothby
701,2023,C323,2,Sonchus asper,5,Boothby
702,2023,C323,3,Triticum aestivum,12,Boothby
703,2023,C323,3,Pulicaria dysenterica,2,Boothby
704,2023,C323,3,Epilobium angustifolium,4,Boothby
705,2023,C323,3,Sonchus asper,1,Boothby
706,2023,C323,3,Matricaria discoidea,1,Boothby
707,2023,C323,4,Triticum aestivum,10,Boothby
708,2023,C323,4,Matricaria discoidea,2,Boothby
709,2023,C323,4,Epilobium angustifolium,2,Boothby
710,2023,C323,4,Sonchus asper,0.5,Boothby
711,2023,C323,4,Epilobium parviflorum,3,Boothby
712,2023,C321,1,Triticum aestivum,10,Boothby
713,2023,C321,1,Sonchus asper,7,Boothby
714,2023,C321,1,Cirsium vulgare,5,Boothby
715,2023,C321,1,Epilobium angustifolium,3,Boothby
716,2023,C321,1,Matricaria discoidea,1,Boothby
717,2023,C321,2,Sonchus asper,20,Boothby
718,2023,C321,2,Epilobium angustifolium,6,Boothby
719,2023,C321,2,Triticum aestivum,20,Boothby
720,2023,C321,2,Matricaria discoidea,0.2,Boothby
721,2023,C321,3,Triticum aestivum,15,Boothby
722,2023,C321,3,Epilobium angustifolium,2,Boothby
723,2023,C321,3,Pulicaria dysenterica,3,Boothby
724,2023,C321,3,Matricaria discoidea,0.5,Boothby
725,2023,C321,3,Sonchus asper,0.2,Boothby
726,2023,C321,4,Triticum aestivum,25,Boothby
727,2023,C321,4,Sonchus asper,8,Boothby
728,2023,C321,4,Pulicaria dysenterica,2,Boothby
729,2023,C321,4,Matricaria discoidea,0.5,Boothby
730,2023,S123,1,Dactylis glomerata,10,Boothby
731,2023,S123,1,Matricaria discoidea,30,Boothby
732,2023,S123,1,Holcus lanatus,12,Boothby
733,2023,S123,2,Dactylis glomerata,15,Boothby
734,2023,S123,2,Pulicaria dysenterica,4,Boothby
735,2023,S123,2,Matricaria discoidea,7,Boothby
736,2023,S123,2,Brassica napus,3,Boothby
737,2023,S123,2,Helminthotheca echioides,6,Boothby
738,2023,S123,2,Deschampsia cespitosa,4,Boothby
739,2023,S123,3,Sonchus asper,80,Boothby
740,2023,S123,3,Brassica napus,4,Boothby
741,2023,S123,3,Pulicaria dysenterica,2,Boothby
742,2023,S123,3,Matricaria discoidea,4,Boothby
743,2023,S123,4,Brassica napus,35,Boothby
744,2023,S123,4,Matricaria discoidea,15,Boothby
745,2023,S123,4,Dactylis glomerata,2,Boothby
746,2023,S123,4,Pulicaria dysenterica,3,Boothby
747,2023,S123,4,Deschampsia cespitosa,2,Boothby
748,2023,S113,1,Atriplex patula,2,Boothby
749,2023,S113,1,Matricaria chamomilla,6,Boothby
750,2023,S113,1,Vicia faba,4,Boothby
751,2023,S113,1,Triticum aestivum,1,Boothby
752,2023,S113,2,Matricaria discoidea,2,Boothby
753,2023,S113,2,Vicia faba,3,Boothby
754,2023,S113,3,Vicia faba,10,Boothby
755,2023,S113,3,Matricaria chamomilla,5,Boothby
756,2023,S113,3,Matricaria discoidea,2,Boothby
757,2023,S113,3,Pulicaria dysenterica,2,Boothby
758,2023,S113,4,Vicia faba,30,Boothby
759,2023,S113,4,Matricaria chamomilla,9,Boothby
760,2023,C311,1,Triticum aestivum,100,Boothby
761,2023,C311,2,Triticum aestivum,100,Boothby
762,2023,C311,3,Triticum aestivum,98,Boothby
763,2023,C311,3,Bromus hordeaceus,2,Boothby
764,2023,C311,4,Triticum aestivum,100,Boothby
765,2023,NW121,1,Triticum aestivum,100,Boothby
766,2023,NW121,2,Triticum aestivum,100,Boothby
767,2023,NW121,3,Triticum aestivum,100,Boothby
768,2023,NW121,4,Triticum aestivum,100,Boothby
769,2023,NW123,1,Triticum aestivum,100,Boothby
770,2023,NW123,2,Triticum aestivum,100,Boothby
771,2023,NW123,3,Triticum aestivum,100,Boothby
772,2023,NW123,4,Triticum aestivum,100,Boothby
773,2023,NW131,1,Triticum aestivum,100,Boothby
774,2023,NW131,2,Triticum aestivum,100,Boothby
775,2023,NW131,3,Triticum aestivum,100,Boothby
776,2023,NW131,4,Triticum aestivum,100,Boothby
777,2023,NW132,1,Triticum aestivum,100,Boothby
778,2023,NW132,2,Triticum aestivum,100,Boothby
779,2023,NW132,3,Triticum aestivum,100,Boothby
780,2023,NW132,4,Triticum aestivum,100,Boothby
781,2023,NW213,1,Triticum aestivum,100,Boothby
782,2023,NW213,2,Triticum aestivum,100,Boothby
783,2023,NW213,3,Triticum aestivum,100,Boothby
784,2023,NW213,4,Triticum aestivum,100,Boothby
785,2023,NW221,1,Triticum aestivum,100,Boothby
786,2023,NW221,2,Triticum aestivum,100,Boothby
787,2023,NW221,3,Triticum aestivum,100,Boothby
788,2023,NW221,4,Triticum aestivum,100,Boothby
789,2023,NW223,1,Triticum aestivum,100,Boothby
790,2023,NW223,2,Triticum aestivum,100,Boothby
791,2023,NW223,3,Triticum aestivum,100,Boothby
792,2023,NW223,4,Triticum aestivum,100,Boothby
793,2023,NW231,1,Triticum aestivum,100,Boothby
794,2023,NW231,2,Triticum aestivum,100,Boothby
795,2023,NW231,3,Triticum aestivum,100,Boothby
796,2023,NW231,4,Triticum aestivum,100,Boothby
797,2023,NW232,1,Triticum aestivum,100,Boothby
798,2023,NW232,2,Triticum aestivum,100,Boothby
799,2023,NW232,3,Triticum aestivum,100,Boothby
800,2023,NW232,4,Triticum aestivum,100,Boothby
801,2023,C131,1,Triticum aestivum,100,Boothby
802,2023,C131,2,Triticum aestivum,100,Boothby
803,2023,C131,3,Triticum aestivum,100,Boothby
804,2023,C131,4,Triticum aestivum,100,Boothby
805,2023,C132,1,Triticum aestivum,100,Boothby
806,2023,C132,2,Triticum aestivum,100,Boothby
807,2023,C132,3,Triticum aestivum,100,Boothby
808,2023,C132,4,Triticum aestivum,100,Boothby
809,2023,C231,1,Hordeum vulgare,100,Boothby
810,2023,C231,2,Hordeum vulgare,100,Boothby
811,2023,C231,3,Hordeum vulgare,100,Boothby
812,2023,C231,4,Hordeum vulgare,100,Boothby
813,2023,S112,1,Vicia faba,100,Boothby
814,2023,S112,2,Vicia faba,100,Boothby
815,2023,S112,3,Vicia faba,100,Boothby
816,2023,S112,4,Vicia faba,100,Boothby
817,2023,S121,1,Vicia faba,100,Boothby
818,2023,S121,2,Vicia faba,100,Boothby
819,2023,S121,3,Vicia faba,100,Boothby
820,2023,S121,4,Vicia faba,100,Boothby
821,2023,S212,1,Triticum aestivum,100,Boothby
822,2023,S212,2,Triticum aestivum,100,Boothby
823,2023,S212,3,Triticum aestivum,100,Boothby
824,2023,S212,4,Triticum aestivum,100,Boothby
825,2023,S221,1,Hordeum vulgare,100,Boothby
826,2023,S221,2,Hordeum vulgare,100,Boothby
827,2023,S221,3,Hordeum vulgare,100,Boothby
828,2023,S221,4,Hordeum vulgare,100,Boothby
829,2023,S223,1,Hordeum vulgare,100,Boothby
830,2023,S223,2,Hordeum vulgare,100,Boothby
831,2023,S223,3,Hordeum vulgare,100,Boothby
832,2023,S223,4,Hordeum vulgare,100,Boothby
833,2023,S231,1,Triticum aestivum,100,Boothby
834,2023,S231,2,Triticum aestivum,100,Boothby
835,2023,S231,3,Triticum aestivum,100,Boothby
836,2023,S231,4,Triticum aestivum,100,Boothby
837,2023,S232,1,Triticum aestivum,100,Boothby
838,2023,S232,2,Triticum aestivum,100,Boothby
839,2023,S232,3,Triticum aestivum,100,Boothby
840,2023,S232,4,Triticum aestivum,100,Boothby
841,2023,NE211,1,Brassica napus,100,Boothby
842,2023,NE211,2,Brassica napus,100,Boothby
843,2023,NE211,3,Brassica napus,100,Boothby
844,2023,NE211,4,Brassica napus,100,Boothby
845,2023,NE212,1,Brassica napus,100,Boothby
846,2023,NE212,2,Brassica napus,100,Boothby
847,2023,NE212,3,Brassica napus,100,Boothby
848,2023,NE212,4,Brassica napus,100,Boothby
849,2023,NE221,1,Brassica napus,100,Boothby
850,2023,NE221,2,Brassica napus,100,Boothby
851,2023,NE221,3,Brassica napus,100,Boothby
852,2023,NE221,4,Brassica napus,100,Boothby
853,2023,NE223,1,Brassica napus,100,Boothby
854,2023,NE223,2,Brassica napus,100,Boothby
855,2023,NE223,3,Brassica napus,100,Boothby
856,2023,NE223,4,Brassica napus,100,Boothby
857,2023,NE231,1,Brassica napus,100,Boothby
858,2023,NE231,2,Brassica napus,100,Boothby
859,2023,NE231,3,Brassica napus,100,Boothby
860,2023,NE231,4,Brassica napus,100,Boothby
861,2023,NE232,1,Brassica napus,100,Boothby
862,2023,NE232,2,Brassica napus,100,Boothby
863,2023,NE232,3,Brassica napus,100,Boothby
864,2023,NE232,4,Brassica napus,100,Boothby
