Date,Plot_id,Quadrant,Species,Cover,Notes
21/06/2021,1111,1,Prunus virginiana,25,
21/06/2021,1111,1,Symphoricarpos oreophilus,27,
21/06/2021,1111,1,Lathyrus pauciflorus,4,overhang-3
21/06/2021,1111,1,Chrysothamnus viscidiflorus,23,
21/06/2021,1111,1,Maianthemum stellatum,14,
21/06/2021,1111,1,Achillea millefolium,3,
21/06/2021,1111,1,Isatis tinctoria,0,overhang-3
21/06/2021,1111,1,Erigeron speciosus,4,
21/06/2021,1111,1,Collomia linearis,4,
21/06/2021,1111,1,Nemophila breviflora,5,
21/06/2021,1111,1,Tragopogon dubius,2,
21/06/2021,1111,1,Bromus carinatus,1,
21/06/2021,1111,1,Pseudostellaria jamesiana,0,
21/06/2021,1111,1,Lithophragma parviflora,3,
21/06/2021,1111,1,Poa pratensis,0,
21/06/2021,1111,1,Hackelia floribunda,4,
21/06/2021,1111,1,Bromus briziformis,0.5,
21/06/2021,1111,1,soil,3,
21/06/2021,1111,1,rock,1,
21/06/2021,1111,1,organic matter,6,
21/06/2021,1111,1,Berberis repens,0,
21/06/2021,1111,1,Eriogonum heracleoides,0,
21/06/2021,1111,1,Agastache urticifolia,0,
21/06/2021,1111,1,Galium aparine,0,
21/06/2021,1111,1,Carex sp.,1,
21/06/2021,1111,1,Lactuca serriola,0,
21/06/2021,1111,2,Prunus virginiana,0,overhang-35
21/06/2021,1111,2,Symphoricarpos oreophilus,21,
21/06/2021,1111,2,Lathyrus pauciflorus,10,
21/06/2021,1111,2,Chrysothamnus viscidiflorus,0,overhang-2
21/06/2021,1111,2,Maianthemum stellatum,3,
21/06/2021,1111,2,Achillea millefolium,11,
21/06/2021,1111,2,Isatis tinctoria,0,overhang-2
21/06/2021,1111,2,Erigeron speciosus,3,
21/06/2021,1111,2,Collomia linearis,6,
21/06/2021,1111,2,Nemophila breviflora,3,
21/06/2021,1111,2,Tragopogon dubius,1,
21/06/2021,1111,2,Bromus carinatus,6,
21/06/2021,1111,2,Pseudostellaria jamesiana,3,
21/06/2021,1111,2,Lithophragma parviflora,2,
21/06/2021,1111,2,Poa pratensis,0,
21/06/2021,1111,2,Hackelia floribunda,0,
21/06/2021,1111,2,Bromus briziformis,0,
21/06/2021,1111,2,soil,10,
21/06/2021,1111,2,rock,4,
21/06/2021,1111,2,organic matter,13,
21/06/2021,1111,2,Berberis repens,10,
21/06/2021,1111,2,Eriogonum heracleoides,1,
21/06/2021,1111,2,Agastache urticifolia,0,
21/06/2021,1111,2,Galium aparine,1,
21/06/2021,1111,2,Carex sp.,0,
21/06/2021,1111,2,Lactuca serriola,0,
21/06/2021,1111,3,Prunus virginiana,40,
21/06/2021,1111,3,Symphoricarpos oreophilus,19,
21/06/2021,1111,3,Lathyrus pauciflorus,0,overhang-10
21/06/2021,1111,3,Chrysothamnus viscidiflorus,0,overhang-8
21/06/2021,1111,3,Maianthemum stellatum,0,
21/06/2021,1111,3,Achillea millefolium,13,
21/06/2021,1111,3,Isatis tinctoria,0,
21/06/2021,1111,3,Erigeron speciosus,9,
21/06/2021,1111,3,Collomia linearis,3,
21/06/2021,1111,3,Nemophila breviflora,2,
21/06/2021,1111,3,Tragopogon dubius,0,
21/06/2021,1111,3,Bromus carinatus,5,
21/06/2021,1111,3,Pseudostellaria jamesiana,1,
21/06/2021,1111,3,Lithophragma parviflora,2,
21/06/2021,1111,3,Poa pratensis,0,
21/06/2021,1111,3,Hackelia floribunda,0,
21/06/2021,1111,3,Bromus briziformis,0,
21/06/2021,1111,3,soil,20,
21/06/2021,1111,3,rock,0,
21/06/2021,1111,3,organic matter,25,
21/06/2021,1111,3,Berberis repens,0,
21/06/2021,1111,3,Eriogonum heracleoides,0,
21/06/2021,1111,3,Agastache urticifolia,0,
21/06/2021,1111,3,Galium aparine,8,
21/06/2021,1111,3,Carex sp.,0,
21/06/2021,1111,3,Lactuca serriola,1,
21/06/2021,1111,4,Prunus virginiana,13,
21/06/2021,1111,4,Symphoricarpos oreophilus,6,overhang-10
21/06/2021,1111,4,Lathyrus pauciflorus,15,overhang-45
21/06/2021,1111,4,Chrysothamnus viscidiflorus,4,overhang-10
21/06/2021,1111,4,Maianthemum stellatum,0,
21/06/2021,1111,4,Achillea millefolium,1,
21/06/2021,1111,4,Isatis tinctoria,0,
21/06/2021,1111,4,Erigeron speciosus,3,
21/06/2021,1111,4,Collomia linearis,3,
21/06/2021,1111,4,Nemophila breviflora,1,
21/06/2021,1111,4,Tragopogon dubius,0,
21/06/2021,1111,4,Bromus carinatus,6,
21/06/2021,1111,4,Pseudostellaria jamesiana,2,
21/06/2021,1111,4,Lithophragma parviflora,2,
21/06/2021,1111,4,Poa pratensis,1,
21/06/2021,1111,4,Hackelia floribunda,4,
21/06/2021,1111,4,Bromus briziformis,0,
21/06/2021,1111,4,soil,70,
21/06/2021,1111,4,rock,10,
21/06/2021,1111,4,organic matter,0,
21/06/2021,1111,4,Berberis repens,0,
21/06/2021,1111,4,Eriogonum heracleoides,0,
21/06/2021,1111,4,Agastache urticifolia,12,
21/06/2021,1111,4,Galium aparine,0,overhang-10
21/06/2021,1111,4,Carex sp.,1,
21/06/2021,1111,4,Lactuca serriola,0,
21/06/2021,1133,COMBINED,Symphoricarpos oreophilus,87,
21/06/2021,1133,COMBINED,Geranium viscosissimum,18,
21/06/2021,1133,COMBINED,Lithospermum ruderale,3,
21/06/2021,1133,COMBINED,Tragopogon dubius,11,
21/06/2021,1133,COMBINED,Bromus tectorum,5,
21/06/2021,1133,COMBINED,Bromus japonicus,5,
21/06/2021,1133,COMBINED,Achillea millefolium,3,
21/06/2021,1133,COMBINED,Galium aparine,1,
21/06/2021,1133,COMBINED,Erigeron speciosus,7,
21/06/2021,1133,COMBINED,Hydrophyllum capitatum,0.5,
21/06/2021,1133,COMBINED,rock,2,
21/06/2021,1122,1,Crepis acuminata,11,
21/06/2021,1122,1,Elymus trachycaulus,11,
21/06/2021,1122,1,Tragopogon dubius,0,
21/06/2021,1122,1,Poa bulbosa,32,
21/06/2021,1122,1,Balsamorhiza sagittata,0,
21/06/2021,1122,1,moss,5,
21/06/2021,1122,1,rock,7,
21/06/2021,1122,1,soil,12,
21/06/2021,1122,1,organic matter,15,
21/06/2021,1122,1,Lomatium ambiguum,0.5,
21/06/2021,1122,2,Crepis acuminata,7,
21/06/2021,1122,2,Elymus trachycaulus,8,
21/06/2021,1122,2,Tragopogon dubius,0,
21/06/2021,1122,2,Poa bulbosa,31,
21/06/2021,1122,2,Balsamorhiza sagittata,3,
21/06/2021,1122,2,moss,2,
21/06/2021,1122,2,rock,17,
21/06/2021,1122,2,soil,9,
21/06/2021,1122,2,organic matter,23,
21/06/2021,1122,2,Lomatium ambiguum,0.5,
21/06/2021,1122,3,Crepis acuminata,9,
21/06/2021,1122,3,Elymus trachycaulus,12,
21/06/2021,1122,3,Tragopogon dubius,3,
21/06/2021,1122,3,Poa bulbosa,41,
21/06/2021,1122,3,Balsamorhiza sagittata,0,
21/06/2021,1122,3,moss,5,
21/06/2021,1122,3,rock,13,
21/06/2021,1122,3,soil,5,
21/06/2021,1122,3,organic matter,12,
21/06/2021,1122,3,Lomatium ambiguum,1,
21/06/2021,1122,4,Crepis acuminata,8,
21/06/2021,1122,4,Elymus trachycaulus,0,overhang-1
21/06/2021,1122,4,Tragopogon dubius,0,
21/06/2021,1122,4,Poa bulbosa,57,
21/06/2021,1122,4,Balsamorhiza sagittata,0,
21/06/2021,1122,4,moss,15,
21/06/2021,1122,4,rock,12,
21/06/2021,1122,4,soil,3,
21/06/2021,1122,4,organic matter,5,
21/06/2021,1122,4,Lomatium ambiguum,3,
21/06/2021,1211,1,Pseudoroegneria spicata,28,
21/06/2021,1211,1,Poa bulbosa,11,
21/06/2021,1211,1,Agoseris parviflora,0,overhang-3
21/06/2021,1211,1,Bromus briziformis,2,
21/06/2021,1211,1,Bromus tectorum,2,
21/06/2021,1211,1,Erodium cicutarium,4,
21/06/2021,1211,1,rock,19,
21/06/2021,1211,1,soil,34,
21/06/2021,1211,1,poo,0,moose/elk
21/06/2021,1211,1,organic matter,2,
21/06/2021,1211,1,Purshia tridentata,0,overhang-1
21/06/2021,1211,1,Tragopogon dubius,0,
21/06/2021,1211,1,Lithospermum ruderale,0.5,
21/06/2021,1211,1,Alyssum desertorum,0.5,
21/06/2021,1211,1,poo,0,deer
21/06/2021,1211,2,Pseudoroegneria spicata,24,
21/06/2021,1211,2,Poa bulbosa,10,
21/06/2021,1211,2,Agoseris parviflora,0,
21/06/2021,1211,2,Bromus briziformis,2,
21/06/2021,1211,2,Bromus tectorum,1,
21/06/2021,1211,2,Erodium cicutarium,7,
21/06/2021,1211,2,rock,16,
21/06/2021,1211,2,soil,49,
21/06/2021,1211,2,poo,2,moose/elk
21/06/2021,1211,2,organic matter,2,
21/06/2021,1211,2,Purshia tridentata,0,
21/06/2021,1211,2,Tragopogon dubius,0,
21/06/2021,1211,2,Lithospermum ruderale,0,
21/06/2021,1211,2,Alyssum desertorum,0.5,
21/06/2021,1211,2,poo,0,deer
21/06/2021,1211,3,Pseudoroegneria spicata,17,
21/06/2021,1211,3,Poa bulbosa,17,
21/06/2021,1211,3,Agoseris parviflora,0,
21/06/2021,1211,3,Bromus briziformis,5,
21/06/2021,1211,3,Bromus tectorum,5,
21/06/2021,1211,3,Erodium cicutarium,3,
21/06/2021,1211,3,rock,24,
21/06/2021,1211,3,soil,16,
21/06/2021,1211,3,poo,0,moose/elk
21/06/2021,1211,3,organic matter,13,
21/06/2021,1211,3,Purshia tridentata,0,overhang-6
21/06/2021,1211,3,Tragopogon dubius,0,
21/06/2021,1211,3,Lithospermum ruderale,0,
21/06/2021,1211,3,Alyssum desertorum,0.5,
21/06/2021,1211,3,poo,3,deer
21/06/2021,1211,4,Pseudoroegneria spicata,30,
21/06/2021,1211,4,Poa bulbosa,16,
21/06/2021,1211,4,Agoseris parviflora,0,
21/06/2021,1211,4,Bromus briziformis,2,
21/06/2021,1211,4,Bromus tectorum,0.5,
21/06/2021,1211,4,Erodium cicutarium,8,
21/06/2021,1211,4,rock,24,
21/06/2021,1211,4,soil,15,
21/06/2021,1211,4,poo,2,moose/elk
21/06/2021,1211,4,organic matter,4,
21/06/2021,1211,4,Purshia tridentata,0,
21/06/2021,1211,4,Tragopogon dubius,2,overhang-3
21/06/2021,1211,4,Lithospermum ruderale,2,overhang-6
21/06/2021,1211,4,Alyssum desertorum,0.5,
21/06/2021,1211,4,poo,5,deer
21/06/2021,1222,1,Poa bulbosa,13,
21/06/2021,1222,1,Bromus japonicus,0,
21/06/2021,1222,1,Tragopogon dubius,2,
21/06/2021,1222,1,Lomatium dissectum,4,
21/06/2021,1222,1,Penstemon humilis,0,misIDed as P. compactus
21/06/2021,1222,1,Crepis acuminata,0,
21/06/2021,1222,1,Lactuca serriola,0.5,
21/06/2021,1222,1,rock,41,
21/06/2021,1222,1,soil,42,
21/06/2021,1222,1,organic matter,6,
21/06/2021,1222,1,moss,0,on rock
21/06/2021,1222,1,lichen,0.5,black scrub w white spots
21/06/2021,1222,2,Poa bulbosa,10,
21/06/2021,1222,2,Bromus japonicus,0,
21/06/2021,1222,2,Tragopogon dubius,6,
21/06/2021,1222,2,Lomatium dissectum,1,overhang-6
21/06/2021,1222,2,Penstemon humilis,2,misIDed as P. compactus
21/06/2021,1222,2,Crepis acuminata,0,
21/06/2021,1222,2,Lactuca serriola,0,
21/06/2021,1222,2,rock,37,
21/06/2021,1222,2,soil,41,
21/06/2021,1222,2,organic matter,5,
21/06/2021,1222,2,moss,0,on rock
21/06/2021,1222,2,lichen,0,black scrub w white spots
21/06/2021,1222,3,Poa bulbosa,15,
21/06/2021,1222,3,Bromus japonicus,0.5,
21/06/2021,1222,3,Tragopogon dubius,5,
21/06/2021,1222,3,Lomatium dissectum,7,
21/06/2021,1222,3,Penstemon humilis,0,misIDed as P. compactus
21/06/2021,1222,3,Crepis acuminata,0,
21/06/2021,1222,3,Lactuca serriola,0,
21/06/2021,1222,3,rock,40,
21/06/2021,1222,3,soil,22,
21/06/2021,1222,3,organic matter,10,
21/06/2021,1222,3,moss,2,on rock
21/06/2021,1222,3,lichen,4,black scrub w white spots
21/06/2021,1222,4,Poa bulbosa,15,
21/06/2021,1222,4,Bromus japonicus,0,
21/06/2021,1222,4,Tragopogon dubius,0.5,
21/06/2021,1222,4,Lomatium dissectum,2,
21/06/2021,1222,4,Penstemon humilis,0,misIDed as P. compactus
21/06/2021,1222,4,Crepis acuminata,6,
21/06/2021,1222,4,Lactuca serriola,0,
21/06/2021,1222,4,rock,21,
21/06/2021,1222,4,soil,55,
21/06/2021,1222,4,organic matter,4,
21/06/2021,1222,4,moss,0,on rock
21/06/2021,1222,4,lichen,2,black scrub w white spots
21/06/2021,1233,1,Lomatium dissectum,0,
21/06/2021,1233,1,Bromus briziformis,1,
21/06/2021,1233,1,Oenothera caespitosa,0,overhang-1
21/06/2021,1233,1,Tragopogon dubius,1,
21/06/2021,1233,1,Lactuca serriola,1,
21/06/2021,1233,1,Bromus tectorum,0.5,
21/06/2021,1233,1,Bromus japonicus,0,
21/06/2021,1233,1,rock,46,
21/06/2021,1233,1,soil,42,
21/06/2021,1233,1,organic matter,10,
21/06/2021,1233,1,Alyssum desertorum,0,
21/06/2021,1233,2,Lomatium dissectum,0,overhang-5
21/06/2021,1233,2,Bromus briziformis,0,
21/06/2021,1233,2,Oenothera caespitosa,0,
21/06/2021,1233,2,Tragopogon dubius,3,
21/06/2021,1233,2,Lactuca serriola,0,
21/06/2021,1233,2,Bromus tectorum,1,
21/06/2021,1233,2,Bromus japonicus,0,
21/06/2021,1233,2,rock,36,
21/06/2021,1233,2,soil,55,
21/06/2021,1233,2,organic matter,6,
21/06/2021,1233,2,Alyssum desertorum,0,
21/06/2021,1233,3,Lomatium dissectum,13,
21/06/2021,1233,3,Bromus briziformis,0,
21/06/2021,1233,3,Oenothera caespitosa,7,
21/06/2021,1233,3,Tragopogon dubius,1,
21/06/2021,1233,3,Lactuca serriola,0,
21/06/2021,1233,3,Bromus tectorum,0,
21/06/2021,1233,3,Bromus japonicus,0,
21/06/2021,1233,3,rock,58,
21/06/2021,1233,3,soil,23,
21/06/2021,1233,3,organic matter,9,
21/06/2021,1233,3,Alyssum desertorum,0.5,
21/06/2021,1233,4,Lomatium dissectum,0,overhang-0.5
21/06/2021,1233,4,Bromus briziformis,0,
21/06/2021,1233,4,Oenothera caespitosa,0,
21/06/2021,1233,4,Tragopogon dubius,0,
21/06/2021,1233,4,Lactuca serriola,0,
21/06/2021,1233,4,Bromus tectorum,0,
21/06/2021,1233,4,Bromus japonicus,0,overhang-1
21/06/2021,1233,4,rock,49,
21/06/2021,1233,4,soil,42,
21/06/2021,1233,4,organic matter,9,
21/06/2021,1233,4,Alyssum desertorum,0,
22/06/2021,2311,1,Physocarpus malvaceus,0,overhang-58
22/06/2021,2311,1,Amelanchier alnifolia,0,
22/06/2021,2311,1,Cleamatis occidentalis,23,
22/06/2021,2311,1,Paxistima myrsinites,8,
22/06/2021,2311,1,Ozomelis stauropetala,2,
22/06/2021,2311,1,Arnica cordifolia,8,
22/06/2021,2311,1,Carex geyeri,7,
22/06/2021,2311,1,Poa pratensis,0,
22/06/2021,2311,1,Berberis repens,0,
22/06/2021,2311,1,Prosartes trachycarpa,4,
22/06/2021,2311,1,Maianthemum racemosum,0,
22/06/2021,2311,1,Pseudotsuga menziesii,0,overhang-100
22/06/2021,2311,1,moss,10,
22/06/2021,2311,1,organic matter,41,
22/06/2021,2311,1,lichen,0,gray leafy
22/06/2021,2311,1,poo,0,small rodent – pika
22/06/2021,2311,2,Physocarpus malvaceus,0,overhang-15
22/06/2021,2311,2,Amelanchier alnifolia,1,
22/06/2021,2311,2,Cleamtis occidentalis,27,overhang-6
22/06/2021,2311,2,Paxistima myrsinites,9,
22/06/2021,2311,2,Ozomelis stauropetala,4,
22/06/2021,2311,2,Arnica cordifolia,5,
22/06/2021,2311,2,Carex geyeri,47,
22/06/2021,2311,2,Poa pratensis,0,
22/06/2021,2311,2,Berberis repens,3,
22/06/2021,2311,2,Prosartes trachycarpa,4,
22/06/2021,2311,2,Maianthemum racemosum,12,
22/06/2021,2311,2,Pseudotsuga menziesii,0,overhang-100
22/06/2021,2311,2,moss,17,
22/06/2021,2311,2,organic matter,1,
22/06/2021,2311,2,lichen,2,gray leafy
22/06/2021,2311,2,poo,0,small rodent – pika
22/06/2021,2311,3,Physocarpus malvaceus,0,overhang-25
22/06/2021,2311,3,Amelanchier alnifolia,37,
22/06/2021,2311,3,Cleamtis occidentalis,18,
22/06/2021,2311,3,Paxistima myrsinites,21,
22/06/2021,2311,3,Ozomelis stauropetala,3,
22/06/2021,2311,3,Arnica cordifolia,0,
22/06/2021,2311,3,Carex geyeri,13,
22/06/2021,2311,3,Poa pratensis,1,
22/06/2021,2311,3,Berberis repens,0,
22/06/2021,2311,3,Prosartes trachycarpa,0,
22/06/2021,2311,3,Maianthemum racemosum,0,
22/06/2021,2311,3,Pseudotsuga menziesii,0,overhang-100
22/06/2021,2311,3,moss,51,
22/06/2021,2311,3,organic matter,5,
22/06/2021,2311,3,lichen,14,gray leafy
22/06/2021,2311,3,poo,0,small rodent – pika
22/06/2021,2311,4,Physocarpus malvaceus,0,
22/06/2021,2311,4,Amelanchier alnifolia,0,
22/06/2021,2311,4,Cleamtis occidentalis,38,
22/06/2021,2311,4,Paxistima myrsinites,13,overhang-3
22/06/2021,2311,4,Ozomelis stauropetala,11,
22/06/2021,2311,4,Arnica cordifolia,5,
22/06/2021,2311,4,Carex geyeri,5,
22/06/2021,2311,4,Poa pratensis,1,
22/06/2021,2311,4,Berberis repens,2,
22/06/2021,2311,4,Prosartes trachycarpa,0,
22/06/2021,2311,4,Maianthemum racemosum,2,
22/06/2021,2311,4,Pseudotsuga menziesii,0,overhang-100
22/06/2021,2311,4,moss,20,
22/06/2021,2311,4,organic matter,10,
22/06/2021,2311,4,lichen,1,gray leafy
22/06/2021,2311,4,poo,1,small rodent – pika
22/06/2021,2333,1,Amelanchier alnifolia,0,
22/06/2021,2333,1,Populus tremuloides,0,
22/06/2021,2333,1,Achillea millefolium,4,
22/06/2021,2333,1,Bromus carinatus,15,
22/06/2021,2333,1,Carex geyeri,13,
22/06/2021,2333,1,Lathyrus pauciflorus,6,
22/06/2021,2333,1,Nemophila breviflora,23,
22/06/2021,2333,1,poo,9,deer
22/06/2021,2333,1,soil,20,
22/06/2021,2333,1,rock,3,
22/06/2021,2333,1,Collomia linearis,4,
22/06/2021,2333,1,Leonurus cardiaca,4,
22/06/2021,2333,1,organic matter,10,
22/06/2021,2333,1,Galium aparine,0,
22/06/2021,2333,1,Tragopogon dubius,0,
22/06/2021,2333,1,Osmorhiza occidentalis,0,
22/06/2021,2333,2,Amelanchier alnifolia,0,overhang-10
22/06/2021,2333,2,Populus tremuloides,0,overhang-10
22/06/2021,2333,2,Achillea millefolium,19,
22/06/2021,2333,2,Bromus carinatus,14,
22/06/2021,2333,2,Carex geyeri,10,
22/06/2021,2333,2,Lathyrus pauciflorus,7,
22/06/2021,2333,2,Nemophila breviflora,15,
22/06/2021,2333,2,poo,0,deer
22/06/2021,2333,2,soil,17,
22/06/2021,2333,2,rock,2,
22/06/2021,2333,2,Collomia linearis,4,
22/06/2021,2333,2,Leonurus cardiaca,0,
22/06/2021,2333,2,organic matter,13,
22/06/2021,2333,2,Galium aparine,1,
22/06/2021,2333,2,Tragopogon dubius,0,
22/06/2021,2333,2,Osmorhiza occidentalis,0,
22/06/2021,2333,3,Amelanchier alnifolia,0,overhang-20
22/06/2021,2333,3,Populus tremuloides,0,
22/06/2021,2333,3,Achillea millefolium,2,
22/06/2021,2333,3,Bromus carinatus,69,
22/06/2021,2333,3,Carex geyeri,0,
22/06/2021,2333,3,Lathyrus pauciflorus,12,
22/06/2021,2333,3,Nemophila breviflora,5,
22/06/2021,2333,3,poo,3,deer
22/06/2021,2333,3,soil,0,
22/06/2021,2333,3,rock,1,
22/06/2021,2333,3,Collomia linearis,3,
22/06/2021,2333,3,Leonurus cardiaca,0,
22/06/2021,2333,3,organic matter,10,
22/06/2021,2333,3,Galium aparine,0,
22/06/2021,2333,3,Tragopogon dubius,1,
22/06/2021,2333,3,Osmorhiza occidentalis,0,
22/06/2021,2333,4,Amelanchier alnifolia,0,overhang-50
22/06/2021,2333,4,Populus tremuloides,0,overhang-29
22/06/2021,2333,4,Achillea millefolium,0,
22/06/2021,2333,4,Bromus carinatus,35,
22/06/2021,2333,4,Carex geyeri,0,
22/06/2021,2333,4,Lathyrus pauciflorus,19,
22/06/2021,2333,4,Nemophila breviflora,17,
22/06/2021,2333,4,poo,1,deer
22/06/2021,2333,4,soil,7,
22/06/2021,2333,4,rock,0,
22/06/2021,2333,4,Collomia linearis,4,
22/06/2021,2333,4,Leonurus cardiaca,0,
22/06/2021,2333,4,organic matter,10,
22/06/2021,2333,4,Galium aparine,7,
22/06/2021,2333,4,Tragopogon dubius,0,
22/06/2021,2333,4,Osmorhiza occidentalis,0,overhang-2
22/06/2021,2323,1,Acer glabrum,0,overhang-20
22/06/2021,2323,1,Maianthemum racemosum,14,
22/06/2021,2323,1,Leucopoa kingii,4,
22/06/2021,2323,1,Taraxacum officinale,9,
22/06/2021,2323,1,Fragaria vesca,0,
22/06/2021,2323,1,Pseudostellaria jamesiana,0.5,
22/06/2021,2323,1,Clematis columbiana,2,
22/06/2021,2323,1,Achillea millefolium,3,
22/06/2021,2323,1,Ozomelis stauropetala,3,
22/06/2021,2323,1,Sedum debile,3,
22/06/2021,2323,1,Antennaria microphylla,0,
22/06/2021,2323,1,Mertensia oblongifolia,2,
22/06/2021,2323,1,Arnica cordifolia,0,
22/06/2021,2323,1,Berberis repens,0,
22/06/2021,2323,1,Packera streptanthifolia,0,
22/06/2021,2323,1,soil,58,
22/06/2021,2323,1,rock,13,
22/06/2021,2323,1,organic matter,1,
22/06/2021,2323,1,Tragopogon dubius,0,
22/06/2021,2323,1,moss,0,
22/06/2021,2323,1,Poa sp.,0,
22/06/2021,2323,2,Acer glabrum,0,overhang-40
22/06/2021,2323,2,Maianthemum racemosum,18,
22/06/2021,2323,2,Leucopoa kingii,4,
22/06/2021,2323,2,Taraxacum officinale,10,
22/06/2021,2323,2,Fragaria vesca,0,
22/06/2021,2323,2,Pseudostellaria jamesiana,3,
22/06/2021,2323,2,Clematis columbiana,7,
22/06/2021,2323,2,Achillea millefolium,1,
22/06/2021,2323,2,Ozomelis stauropetala,2,
22/06/2021,2323,2,Sedum debile,7,
22/06/2021,2323,2,Antennaria microphylla,0,
22/06/2021,2323,2,Mertensia oblongifolia,5,
22/06/2021,2323,2,Arnica cordifolia,4,
22/06/2021,2323,2,Berberis repens,7,
22/06/2021,2323,2,Packera streptanthifolia,3,
22/06/2021,2323,2,soil,8,
22/06/2021,2323,2,rock,3,
22/06/2021,2323,2,organic matter,4,
22/06/2021,2323,2,Tragopogon dubius,1,
22/06/2021,2323,2,moss,7,
22/06/2021,2323,2,Poa sp.,3,
22/06/2021,2323,3,Acer glabrum,0,overhang-4
22/06/2021,2323,3,Maianthemum racemosum,6,
22/06/2021,2323,3,Leucopoa kingii,13,
22/06/2021,2323,3,Taraxacum officinale,3,
22/06/2021,2323,3,Fragaria vesca,1,
22/06/2021,2323,3,Pseudostellaria jamesiana,2,
22/06/2021,2323,3,Clematis columbiana,0,
22/06/2021,2323,3,Achillea millefolium,2,
22/06/2021,2323,3,Ozomelis stauropetala,0,
22/06/2021,2323,3,Sedum debile,7,
22/06/2021,2323,3,Antennaria microphylla,0,
22/06/2021,2323,3,Mertensia oblongifolia,0.5,
22/06/2021,2323,3,Arnica cordifolia,0,
22/06/2021,2323,3,Berberis repens,0,
22/06/2021,2323,3,Packera streptanthifolia,3,
22/06/2021,2323,3,soil,44,
22/06/2021,2323,3,rock,19,
22/06/2021,2323,3,organic matter,2,
22/06/2021,2323,3,Tragopogon dubius,0,
22/06/2021,2323,3,moss,4,
22/06/2021,2323,3,Poa sp.,0,
22/06/2021,2323,4,Acer glabrum,0,overhang-3
22/06/2021,2323,4,Maianthemum racemosum,2,overhang-3
22/06/2021,2323,4,Leucopoa kingii,9,
22/06/2021,2323,4,Taraxacum officinale,6,
22/06/2021,2323,4,Fragaria vesca,5,
22/06/2021,2323,4,Pseudostellaria jamesiana,0.5,
22/06/2021,2323,4,Clematis columbiana,6,
22/06/2021,2323,4,Achillea millefolium,0.5,
22/06/2021,2323,4,Ozomelis stauropetala,3,
22/06/2021,2323,4,Sedum debile,7,
22/06/2021,2323,4,Antennaria microphylla,8,
22/06/2021,2323,4,Mertensia oblongifolia,0.5,
22/06/2021,2323,4,Arnica cordifolia,4,
22/06/2021,2323,4,Berberis repens,0,
22/06/2021,2323,4,Packera streptanthifolia,1,
22/06/2021,2323,4,soil,8,
22/06/2021,2323,4,rock,14,
22/06/2021,2323,4,organic matter,11,
22/06/2021,2323,4,Tragopogon dubius,1,
22/06/2021,2323,4,moss,7,
22/06/2021,2323,4,Poa sp.,0,
23/06/2021,2111,1,Acer grandidentatum,0,overhang-30
23/06/2021,2111,1,Prunus virginiana,0,overhang-70
23/06/2021,2111,1,Poa bulbosa,7,
23/06/2021,2111,1,Bromus tectorum,1,
23/06/2021,2111,1,Bromus briziformis,0,
23/06/2021,2111,1,Crepis acuminata,0,
23/06/2021,2111,1,Tragopogon dubius,1,
23/06/2021,2111,1,Mertensia oblongifolia,3,
23/06/2021,2111,1,Viola nuttallii,6,
23/06/2021,2111,1,Collomia linearis,0,
23/06/2021,2111,1,rock,7,
23/06/2021,2111,1,soil,43,
23/06/2021,2111,1,organic matter,35,
23/06/2021,2111,2,Acer grandidentatum,0,overhang-40
23/06/2021,2111,2,Prunus virginiana,0,overhang-35
23/06/2021,2111,2,Poa bulbosa,8,
23/06/2021,2111,2,Bromus tectorum,2,
23/06/2021,2111,2,Bromus briziformis,5,
23/06/2021,2111,2,Crepis acuminata,0,
23/06/2021,2111,2,Tragopogon dubius,0,
23/06/2021,2111,2,Mertensia oblongifolia,9,
23/06/2021,2111,2,Viola nuttallii,5,
23/06/2021,2111,2,Collomia linearis,0.5,
23/06/2021,2111,2,rock,7,
23/06/2021,2111,2,soil,9,
23/06/2021,2111,2,organic matter,62,
23/06/2021,2111,3,Acer grandidentatum,0,
23/06/2021,2111,3,Prunus virginiana,0,overhang-2
23/06/2021,2111,3,Poa bulbosa,14,
23/06/2021,2111,3,Bromus tectorum,1,
23/06/2021,2111,3,Bromus briziformis,3,
23/06/2021,2111,3,Crepis acuminata,17,
23/06/2021,2111,3,Tragopogon dubius,0,
23/06/2021,2111,3,Mertensia oblongifolia,7,
23/06/2021,2111,3,Viola nuttallii,7,
23/06/2021,2111,3,Collomia linearis,1,
23/06/2021,2111,3,rock,1,
23/06/2021,2111,3,soil,5,
23/06/2021,2111,3,organic matter,49,
23/06/2021,2111,4,Acer grandidentatum,0,
23/06/2021,2111,4,Prunus virginiana,0,overhang-10
23/06/2021,2111,4,Poa bulbosa,20,
23/06/2021,2111,4,Bromus tectorum,1,
23/06/2021,2111,4,Bromus briziformis,1,
23/06/2021,2111,4,Crepis acuminata,2,overhang-1
23/06/2021,2111,4,Tragopogon dubius,0,
23/06/2021,2111,4,Mertensia oblongifolia,0,
23/06/2021,2111,4,Viola nuttallii,0,
23/06/2021,2111,4,Collomia linearis,0.5,
23/06/2021,2111,4,rock,0,
23/06/2021,2111,4,soil,1,
23/06/2021,2111,4,organic matter,78,
23/06/2021,2122,1,Poa bulbosa,45,
23/06/2021,2122,1,Tragopogon dubius,12,
23/06/2021,2122,1,Pseudoroegneria spicata,2,
23/06/2021,2122,1,Crepis acuminata,6,
23/06/2021,2122,1,Astragalus cibarius,0,
23/06/2021,2122,1,Poa pratensis,0,
23/06/2021,2122,1,poo,4,moose/elk
23/06/2021,2122,1,poo,0,rodent
23/06/2021,2122,1,rock,4,
23/06/2021,2122,1,soil,10,
23/06/2021,2122,1,organic matter,17,
23/06/2021,2122,2,Poa bulbosa,48,
23/06/2021,2122,2,Tragopogon dubius,12,
23/06/2021,2122,2,Pseudoroegneria spicata,0,
23/06/2021,2122,2,Crepis acuminata,0,
23/06/2021,2122,2,Astragalus cibarius,3,
23/06/2021,2122,2,Poa pratensis,0,
23/06/2021,2122,2,poo,2,moose/elk
23/06/2021,2122,2,poo,0.5,rodent
23/06/2021,2122,2,rock,6,
23/06/2021,2122,2,soil,5,
23/06/2021,2122,2,organic matter,25,
23/06/2021,2122,3,Poa bulbosa,41,
23/06/2021,2122,3,Tragopogon dubius,8,
23/06/2021,2122,3,Pseudoroegneria spicata,14,
23/06/2021,2122,3,Crepis acuminata,0,
23/06/2021,2122,3,Astragalus cibarius,0,
23/06/2021,2122,3,Poa pratensis,0,
23/06/2021,2122,3,poo,6,moose/elk
23/06/2021,2122,3,poo,0,rodent
23/06/2021,2122,3,rock,5,
23/06/2021,2122,3,soil,5,
23/06/2021,2122,3,organic matter,22,
23/06/2021,2122,4,Poa bulbosa,39,
23/06/2021,2122,4,Tragopogon dubius,6,overhang-3
23/06/2021,2122,4,Pseudoroegneria spicata,10,
23/06/2021,2122,4,Crepis acuminata,0,
23/06/2021,2122,4,Astragalus cibarius,0,
23/06/2021,2122,4,Poa pratensis,1,
23/06/2021,2122,4,poo,0.5,moose/elk
23/06/2021,2122,4,poo,0,rodent
23/06/2021,2122,4,rock,9,
23/06/2021,2122,4,soil,11,
23/06/2021,2122,4,organic matter,24,
23/06/2021,2211,1,Symphoricarpos oreophilus,0,overhang-7
23/06/2021,2211,1,Balsamorhiza sagittata,82,
23/06/2021,2211,1,Wyethia amplexicaulis,0.5,
23/06/2021,2211,1,Tragopogon dubius,5,
23/06/2021,2211,1,Artemisia tridentata,0,
23/06/2021,2211,1,Melica bulbosa,2,
23/06/2021,2211,1,Elymus lanceolatus,0,
23/06/2021,2211,1,Poa bulbosa,14,
23/06/2021,2211,1,Achillea millefolium,1,
23/06/2021,2211,1,Agoseris heterophylla,0,
23/06/2021,2211,1,Astragalus cibarius,0,
23/06/2021,2211,1,Alyssum desertorum,0.5,
23/06/2021,2211,1,Crepis acuminata,4,
23/06/2021,2211,1,Taraxacum officinale,0,
23/06/2021,2211,1,Agoseris parviflora,0,
23/06/2021,2211,1,poo,8,moose/elk
23/06/2021,2211,1,rock,0,
23/06/2021,2211,1,soil,6,
23/06/2021,2211,1,organic matter,12,
23/06/2021,2211,2,Symphoricarpos oreophilus,0,overhang-1
23/06/2021,2211,2,Balsamorhiza sagittata,41,
23/06/2021,2211,2,Wyethia amplexicaulis,11,
23/06/2021,2211,2,Tragopogon dubius,1,
23/06/2021,2211,2,Artemisia tridentata,0,
23/06/2021,2211,2,Melica bulbosa,0,
23/06/2021,2211,2,Elymus lanceolatus,4,
23/06/2021,2211,2,Poa bulbosa,23,
23/06/2021,2211,2,Achillea millefolium,3,
23/06/2021,2211,2,Agoseris heterophylla,0,
23/06/2021,2211,2,Astragalus cibarius,0,
23/06/2021,2211,2,Alyssum desertorum,0,
23/06/2021,2211,2,Crepis acuminata,2,
23/06/2021,2211,2,Taraxacum officinale,0.5,
23/06/2021,2211,2,Agoseris parviflora,0,
23/06/2021,2211,2,poo,12,moose/elk
23/06/2021,2211,2,rock,0,
23/06/2021,2211,2,soil,13,
23/06/2021,2211,2,organic matter,10,
23/06/2021,2211,3,Symphoricarpos oreophilus,0,
23/06/2021,2211,3,Balsamorhiza sagittata,0,overhang-15
23/06/2021,2211,3,Wyethia amplexicaulis,0,
23/06/2021,2211,3,Tragopogon dubius,6,
23/06/2021,2211,3,Artemisia tridentata,0,
23/06/2021,2211,3,Melica bulbosa,4,
23/06/2021,2211,3,Elymus lanceolatus,15,
23/06/2021,2211,3,Poa bulbosa,7,
23/06/2021,2211,3,Achillea millefolium,0.5,
23/06/2021,2211,3,Agoseris heterophylla,2,
23/06/2021,2211,3,Astragalus cibarius,0,
23/06/2021,2211,3,Alyssum desertorum,0,
23/06/2021,2211,3,Crepis acuminata,0,
23/06/2021,2211,3,Taraxacum officinale,0,
23/06/2021,2211,3,Agoseris parviflora,1,
23/06/2021,2211,3,poo,24,moose/elk
23/06/2021,2211,3,rock,6,
23/06/2021,2211,3,soil,19,
23/06/2021,2211,3,organic matter,16,
23/06/2021,2211,4,Symphoricarpos oreophilus,0,
23/06/2021,2211,4,Balsamorhiza sagittata,1,overhang-4
23/06/2021,2211,4,Wyethia amplexicaulis,0,
23/06/2021,2211,4,Tragopogon dubius,3,
23/06/2021,2211,4,Artemisia tridentata,7,
23/06/2021,2211,4,Melica bulbosa,0,
23/06/2021,2211,4,Elymus lanceolatus,11,
23/06/2021,2211,4,Poa bulbosa,26,
23/06/2021,2211,4,Achillea millefolium,0.5,
23/06/2021,2211,4,Agoseris heterophylla,2,
23/06/2021,2211,4,Astragalus cibarius,5,
23/06/2021,2211,4,Alyssum desertorum,0,
23/06/2021,2211,4,Crepis acuminata,0,
23/06/2021,2211,4,Taraxacum officinale,2,
23/06/2021,2211,4,Agoseris parviflora,3,
23/06/2021,2211,4,poo,4,moose/elk
23/06/2021,2211,4,rock,2,
23/06/2021,2211,4,soil,11,
23/06/2021,2211,4,organic matter,26,
23/06/2021,2222,1,Poa bulbosa,8,
23/06/2021,2222,1,Tragopogon dubius,15,
23/06/2021,2222,1,Elymus glaucus,2,
23/06/2021,2222,1,Berberis repens,5,
23/06/2021,2222,1,Symphyotrichum spathulatum,8,
23/06/2021,2222,1,Eriogonum heracleoides,10,
23/06/2021,2222,1,Lithospermum ruderale,0,
23/06/2021,2222,1,Achillea millefolium,0,
23/06/2021,2222,1,Rosa woodsii,0,
23/06/2021,2222,1,Agoseris glauca,0,
23/06/2021,2222,1,Poa secunda,0,
23/06/2021,2222,1,Koeleria macrantha,6,
23/06/2021,2222,1,rock,7,
23/06/2021,2222,1,soil,28,
23/06/2021,2222,1,organic matter,13,
23/06/2021,2222,1,Leymus cinereus,0,
23/06/2021,2222,1,poo,0,moose/elk
23/06/2021,2222,2,Poa bulbosa,2,
23/06/2021,2222,2,Tragopogon dubius,10,
23/06/2021,2222,2,Elymus glaucus,3,
23/06/2021,2222,2,Berberis repens,5,
23/06/2021,2222,2,Symphyotrichum spathulatum,6,
23/06/2021,2222,2,Eriogonum heracleoides,3,
23/06/2021,2222,2,Lithospermum ruderale,0,
23/06/2021,2222,2,Achillea millefolium,0,
23/06/2021,2222,2,Rosa woodsii,3,
23/06/2021,2222,2,Agoseris glauca,0,
23/06/2021,2222,2,Poa secunda,0,
23/06/2021,2222,2,Koeleria macrantha,1,
23/06/2021,2222,2,rock,2,
23/06/2021,2222,2,soil,24,
23/06/2021,2222,2,organic matter,40,
23/06/2021,2222,2,Leymus cinereus,0,
23/06/2021,2222,2,poo,0,moose/elk
23/06/2021,2222,3,Poa bulbosa,18,
23/06/2021,2222,3,Tragopogon dubius,10,
23/06/2021,2222,3,Elymus glaucus,0,
23/06/2021,2222,3,Berberis repens,4,
23/06/2021,2222,3,Symphyotrichum spathulatum,0,overhang-0.5
23/06/2021,2222,3,Eriogonum heracleoides,2,
23/06/2021,2222,3,Lithospermum ruderale,0,
23/06/2021,2222,3,Achillea millefolium,4,
23/06/2021,2222,3,Rosa woodsii,3,
23/06/2021,2222,3,Agoseris glauca,2,
23/06/2021,2222,3,Poa secunda,0,
23/06/2021,2222,3,Koeleria macrantha,6,
23/06/2021,2222,3,rock,2,
23/06/2021,2222,3,soil,12,
23/06/2021,2222,3,organic matter,20,
23/06/2021,2222,3,Leymus cinereus,11,
23/06/2021,2222,3,poo,6,moose/elk
23/06/2021,2222,4,Poa bulbosa,4,
23/06/2021,2222,4,Tragopogon dubius,10,
23/06/2021,2222,4,Elymus glaucus,0,
23/06/2021,2222,4,Berberis repens,8,
23/06/2021,2222,4,Symphyotrichum spathulatum,6,
23/06/2021,2222,4,Eriogonum heracleoides,0,
23/06/2021,2222,4,Lithospermum ruderale,4,
23/06/2021,2222,4,Achillea millefolium,0,
23/06/2021,2222,4,Rosa woodsii,0,
23/06/2021,2222,4,Agoseris glauca,2,
23/06/2021,2222,4,Poa secunda,5,
23/06/2021,2222,4,Koeleria macrantha,9,
23/06/2021,2222,4,rock,2,
23/06/2021,2222,4,soil,14,
23/06/2021,2222,4,organic matter,19,
23/06/2021,2222,4,Leymus cinereus,6,
23/06/2021,2222,4,poo,11,moose/elk
23/06/2021,2233,1,Poa secunda,5,
23/06/2021,2233,1,Bromus tectorum,10,
23/06/2021,2233,1,Bromus briziformis,2,
23/06/2021,2233,1,Bromus japonicus,0.5,
23/06/2021,2233,1,Pseudoroegneria spicata,1,
23/06/2021,2233,1,Alyssum desertorum,6,
23/06/2021,2233,1,Collomia linearis,1,
23/06/2021,2233,1,Lactuca serriola,0,
23/06/2021,2233,1,rock,42,
23/06/2021,2233,1,soil,16,
23/06/2021,2233,1,organic matter,14,
23/06/2021,2233,1,moss,0,red star
23/06/2021,2233,2,Poa secunda,5,
23/06/2021,2233,2,Bromus tectorum,5,
23/06/2021,2233,2,Bromus briziformis,0.5,
23/06/2021,2233,2,Bromus japonicus,0.5,
23/06/2021,2233,2,Pseudoroegneria spicata,0,
23/06/2021,2233,2,Alyssum desertorum,2,
23/06/2021,2233,2,Collomia linearis,0,
23/06/2021,2233,2,Lactuca serriola,0.5,
23/06/2021,2233,2,rock,50,
23/06/2021,2233,2,soil,21,
23/06/2021,2233,2,organic matter,22,
23/06/2021,2233,2,moss,0,red star
23/06/2021,2233,3,Poa secunda,5,
23/06/2021,2233,3,Bromus tectorum,13,
23/06/2021,2233,3,Bromus briziformis,4,
23/06/2021,2233,3,Bromus japonicus,0,
23/06/2021,2233,3,Pseudoroegneria spicata,6,
23/06/2021,2233,3,Alyssum desertorum,6,
23/06/2021,2233,3,Collomia linearis,0.5,
23/06/2021,2233,3,Lactuca serriola,0,
23/06/2021,2233,3,rock,40,
23/06/2021,2233,3,soil,10,
23/06/2021,2233,3,organic matter,21,
23/06/2021,2233,3,moss,0,red star
23/06/2021,2233,4,Poa secunda,6,
23/06/2021,2233,4,Bromus tectorum,7,
23/06/2021,2233,4,Bromus briziformis,7,
23/06/2021,2233,4,Bromus japonicus,0,
23/06/2021,2233,4,Pseudoroegneria spicata,17,
23/06/2021,2233,4,Alyssum desertorum,5,
23/06/2021,2233,4,Collomia linearis,0,
23/06/2021,2233,4,Lactuca serriola,0,
23/06/2021,2233,4,rock,42,
23/06/2021,2233,4,soil,8,
23/06/2021,2233,4,organic matter,9,
23/06/2021,2233,4,moss,4,red star
23/06/2021,2133,1,Poa bulbosa,4,
23/06/2021,2133,1,Alyssum desertorum,3,
23/06/2021,2133,1,Pseudoroegneria spicata,0,
23/06/2021,2133,1,Bromus tectorum,2,
23/06/2021,2133,1,moss,0,red star
23/06/2021,2133,1,rock,28,
23/06/2021,2133,1,soil,53,
23/06/2021,2133,1,organic matter,10,
23/06/2021,2133,2,Poa bulbosa,6,
23/06/2021,2133,2,Alyssum desertorum,2,
23/06/2021,2133,2,Pseudoroegneria spicata,3,
23/06/2021,2133,2,Bromus tectorum,5,
23/06/2021,2133,2,moss,3,red star
23/06/2021,2133,2,rock,35,
23/06/2021,2133,2,soil,25,
23/06/2021,2133,2,organic matter,23,
23/06/2021,2133,3,Poa bulbosa,1,
23/06/2021,2133,3,Alyssum desertorum,2,
23/06/2021,2133,3,Pseudoroegneria spicata,12,
23/06/2021,2133,3,Bromus tectorum,1,
23/06/2021,2133,3,moss,0,red star
23/06/2021,2133,3,rock,18,
23/06/2021,2133,3,soil,45,
23/06/2021,2133,3,organic matter,19,
23/06/2021,2133,4,Poa bulbosa,7,
23/06/2021,2133,4,Alyssum desertorum,0.5,
23/06/2021,2133,4,Pseudoroegneria spicata,15,
23/06/2021,2133,4,Bromus tectorum,1,
23/06/2021,2133,4,moss,11,red star
23/06/2021,2133,4,rock,16,
23/06/2021,2133,4,soil,30,
23/06/2021,2133,4,organic matter,20,
25/06/2021,3311,1,Helianthella uniflora,20,
25/06/2021,3311,1,Artemisia tridentata,23,
25/06/2021,3311,1,Crepis acuminata,12,
25/06/2021,3311,1,Penstemon cyananthus,0,overhang-2
25/06/2021,3311,1,Eriogonum heracleoides,2,
25/06/2021,3311,1,Bromus carinatus,4,
25/06/2021,3311,1,Carex sp.,16,
25/06/2021,3311,1,Elymus glaucus,0,
25/06/2021,3311,1,Lathyrus pauciflorus,3,
25/06/2021,3311,1,Purshia tridentata,0,
25/06/2021,3311,1,Linum lewisii,0,
25/06/2021,3311,1,Symphoricarpos oreophilus,0,overhang-1
25/06/2021,3311,1,Achillea millefolium,1,
25/06/2021,3311,1,Senecio sphaerocephalus,0,
25/06/2021,3311,1,soil,0,
25/06/2021,3311,1,organic matter,31,
25/06/2021,3311,1,smooth basal leaved sprout,0,overhang-1
25/06/2021,3311,1,Eucephalus elegans,0,
25/06/2021,3311,1,Viola nuttallii,0,
25/06/2021,3311,1,Lupinus sericeus,0,
25/06/2021,3311,1,Astragalus convallarius,0,
25/06/2021,3311,1,Tragopogon dubius,0,
25/06/2021,3311,1,Comandra umbellata,0,
25/06/2021,3311,1,Leymus cinereus,0,
25/06/2021,3311,2,Helianthella uniflora,32,overhang-7
25/06/2021,3311,2,Artemisia tridentata,0,overhang-40
25/06/2021,3311,2,Crepis acuminata,13,
25/06/2021,3311,2,Penstemon cyananthus,0,
25/06/2021,3311,2,Eriogonum heracleoides,0,
25/06/2021,3311,2,Bromus carinatus,0,
25/06/2021,3311,2,Carex sp.,14,
25/06/2021,3311,2,Elymus glaucus,4,
25/06/2021,3311,2,Lathyrus pauciflorus,1,
25/06/2021,3311,2,Purshia tridentata,0,
25/06/2021,3311,2,Linum lewisii,0,
25/06/2021,3311,2,Symphoricarpos oreophilus,0,
25/06/2021,3311,2,Achillea millefolium,2,
25/06/2021,3311,2,Senecio sphaerocephalus,0,
25/06/2021,3311,2,soil,2,
25/06/2021,3311,2,organic matter,14,
25/06/2021,3311,2,smooth basal leaved sprout,0,
25/06/2021,3311,2,Eucephalus elegans,0,
25/06/2021,3311,2,Viola nuttallii,2,
25/06/2021,3311,2,Lupinus sericeus,1,
25/06/2021,3311,2,Astragalus convallarius,4,
25/06/2021,3311,2,Tragopogon dubius,0,
25/06/2021,3311,2,Comandra umbellata,0,
25/06/2021,3311,2,Leymus cinereus,0,
25/06/2021,3311,3,Helianthella uniflora,48,
25/06/2021,3311,3,Artemisia tridentata,0,overhang-35
25/06/2021,3311,3,Crepis acuminata,9,
25/06/2021,3311,3,Penstemon cyananthus,0,
25/06/2021,3311,3,Eriogonum heracleoides,8,
25/06/2021,3311,3,Bromus carinatus,3,
25/06/2021,3311,3,Carex sp.,2,
25/06/2021,3311,3,Elymus glaucus,0,overhang-3
25/06/2021,3311,3,Lathyrus pauciflorus,0,overhang-12
25/06/2021,3311,3,Purshia tridentata,0,
25/06/2021,3311,3,Linum lewisii,0,
25/06/2021,3311,3,Symphoricarpos oreophilus,0,
25/06/2021,3311,3,Achillea millefolium,5,
25/06/2021,3311,3,Senecio sphaerocephalus,5,
25/06/2021,3311,3,soil,4,
25/06/2021,3311,3,organic matter,30,
25/06/2021,3311,3,smooth basal leaved sprout,0,
25/06/2021,3311,3,Eucephalus elegans,0,
25/06/2021,3311,3,Viola nuttallii,2,
25/06/2021,3311,3,Lupinus sericeus,0,
25/06/2021,3311,3,Astragalus convallarius,0,
25/06/2021,3311,3,Tragopogon dubius,2,
25/06/2021,3311,3,Comandra umbellata,0,
25/06/2021,3311,3,Leymus cinereus,0,
25/06/2021,3311,4,Helianthella uniflora,59,overhang-4
25/06/2021,3311,4,Artemisia tridentata,0,overhang-20
25/06/2021,3311,4,Crepis acuminata,0,
25/06/2021,3311,4,Penstemon cyananthus,0,
25/06/2021,3311,4,Eriogonum heracleoides,0,
25/06/2021,3311,4,Bromus carinatus,2,
25/06/2021,3311,4,Carex sp.,16,
25/06/2021,3311,4,Elymus glaucus,2,
25/06/2021,3311,4,Lathyrus pauciflorus,6,
25/06/2021,3311,4,Purshia tridentata,0,overhang-5
25/06/2021,3311,4,Linum lewisii,0,
25/06/2021,3311,4,Symphoricarpos oreophilus,0,
25/06/2021,3311,4,Achillea millefolium,11,
25/06/2021,3311,4,Senecio sphaerocephalus,4,
25/06/2021,3311,4,soil,0,
25/06/2021,3311,4,organic matter,5,
25/06/2021,3311,4,smooth basal leaved sprout,0,
25/06/2021,3311,4,Eucephalus elegans,4,
25/06/2021,3311,4,Viola nuttallii,3,
25/06/2021,3311,4,Lupinus sericeus,0,overhang-1
25/06/2021,3311,4,Astragalus convallarius,0,
25/06/2021,3311,4,Tragopogon dubius,0,
25/06/2021,3311,4,Comandra umbellata,2,
25/06/2021,3311,4,Leymus cinereus,4,
25/06/2021,3333,1,Poa bulbosa,43,
25/06/2021,3333,1,Elymus smithii,26,
25/06/2021,3333,1,Poa secunda,2,
25/06/2021,3333,1,Bromus tectorum,3,
25/06/2021,3333,1,Crepis acuminata,0,
25/06/2021,3333,1,Tragopogon dubius,0,
25/06/2021,3333,1,Alyssum desertorum,0.5,
25/06/2021,3333,1,Arenaria serpyllifolia,0,
25/06/2021,3333,1,Erodium cicutarium,0,
25/06/2021,3333,1,moss,24,red star
25/06/2021,3333,1,moss,2,yellow green crust
25/06/2021,3333,1,rock,12,
25/06/2021,3333,1,soil,11,
25/06/2021,3333,1,organic matter,5,
25/06/2021,3333,1,poo,0,elk/moose
25/06/2021,3333,2,Poa bulbosa,32,
25/06/2021,3333,2,Elymus smithii,12,
25/06/2021,3333,2,Poa secunda,2,
25/06/2021,3333,2,Bromus tectorum,2,
25/06/2021,3333,2,Crepis acuminata,0,overhang-6
25/06/2021,3333,2,Tragopogon dubius,0,
25/06/2021,3333,2,Alyssum desertorum,0.5,
25/06/2021,3333,2,Arenaria serpyllifolia,0.5,
25/06/2021,3333,2,Erodium cicutarium,0,
25/06/2021,3333,2,moss,28,red star
25/06/2021,3333,2,moss,9,yellow green crust
25/06/2021,3333,2,rock,4,
25/06/2021,3333,2,soil,8,
25/06/2021,3333,2,organic matter,4,
25/06/2021,3333,2,poo,1,elk/moose
25/06/2021,3333,3,Poa bulbosa,31,
25/06/2021,3333,3,Elymus smithii,9,
25/06/2021,3333,3,Poa secunda,2,
25/06/2021,3333,3,Bromus tectorum,1,
25/06/2021,3333,3,Crepis acuminata,0,
25/06/2021,3333,3,Tragopogon dubius,2,
25/06/2021,3333,3,Alyssum desertorum,1,
25/06/2021,3333,3,Arenaria serpyllifolia,0,
25/06/2021,3333,3,Erodium cicutarium,0.5,
25/06/2021,3333,3,moss,23,red star
25/06/2021,3333,3,moss,9,yellow green crust
25/06/2021,3333,3,rock,14,
25/06/2021,3333,3,soil,12,
25/06/2021,3333,3,organic matter,4,
25/06/2021,3333,3,poo,0,elk/moose
25/06/2021,3333,4,Poa bulbosa,28,
25/06/2021,3333,4,Elymus smithii,10,
25/06/2021,3333,4,Poa secunda,0,
25/06/2021,3333,4,Bromus tectorum,1,
25/06/2021,3333,4,Crepis acuminata,8,
25/06/2021,3333,4,Tragopogon dubius,0,
25/06/2021,3333,4,Alyssum desertorum,0,
25/06/2021,3333,4,Arenaria serpyllifolia,5,
25/06/2021,3333,4,Erodium cicutarium,0.5,
25/06/2021,3333,4,moss,0,red star
25/06/2021,3333,4,moss,17,yellow green crust
25/06/2021,3333,4,rock,23,
25/06/2021,3333,4,soil,1,
25/06/2021,3333,4,organic matter,0,
25/06/2021,3333,4,poo,0.5,elk/moose
25/06/2021,3322,1,Leymus cinereus,25,
25/06/2021,3322,1,Symphoricarpos oreophilus,54,
25/06/2021,3322,1,Agastache urticifolia,4,
25/06/2021,3322,1,Lupinus sericeus,1,
25/06/2021,3322,1,Pseudostellaria jamesiana,3,overhang-2
25/06/2021,3322,1,organic matter,23,
25/06/2021,3322,2,Leymus cinereus,16,
25/06/2021,3322,2,Symphoricarpos oreophilus,31,
25/06/2021,3322,2,Agastache urticifolia,5,
25/06/2021,3322,2,Lupinus sericeus,12,
25/06/2021,3322,2,Pseudostellaria jamesiana,0,
25/06/2021,3322,2,organic matter,36,
25/06/2021,3322,3,Leymus cinereus,28,
25/06/2021,3322,3,Symphoricarpos oreophilus,30,overhang-7
25/06/2021,3322,3,Agastache urticifolia,22,
25/06/2021,3322,3,Lupinus sericeus,0,
25/06/2021,3322,3,Pseudostellaria jamesiana,0,
25/06/2021,3322,3,organic matter,21,
25/06/2021,3322,4,Leymus cinereus,10,overhang-8
25/06/2021,3322,4,Symphoricarpos oreophilus,39,
25/06/2021,3322,4,Agastache urticifolia,9,overhang-8
25/06/2021,3322,4,Lupinus sericeus,18,
25/06/2021,3322,4,Pseudostellaria jamesiana,0,
25/06/2021,3322,4,organic matter,25,
25/06/2021,3233,1,Helianthella uniflora,24,
25/06/2021,3233,1,Symphoricarpos oreophilus,8,overhang-2
25/06/2021,3233,1,Elymus glaucus,6,
25/06/2021,3233,1,Poa secunda,17,
25/06/2021,3233,1,Poa bulbosa,9,
25/06/2021,3233,1,Tragopogon dubius,0,
25/06/2021,3233,1,Eriogonum heracleoides,0,
25/06/2021,3233,1,moss,2,yellow green crust
25/06/2021,3233,1,rock,8,
25/06/2021,3233,1,soil,9,
25/06/2021,3233,1,organic matter,22,
25/06/2021,3233,1,poo,6,moose/elk
25/06/2021,3233,2,Helianthella uniflora,15,overhang-10
25/06/2021,3233,2,Symphoricarpos oreophilus,0,
25/06/2021,3233,2,Elymus glaucus,0,overhang-1
25/06/2021,3233,2,Poa secunda,6,
25/06/2021,3233,2,Poa bulbosa,44,
25/06/2021,3233,2,Tragopogon dubius,0,
25/06/2021,3233,2,Eriogonum heracleoides,11,
25/06/2021,3233,2,moss,3,yellow green crust
25/06/2021,3233,2,rock,8,
25/06/2021,3233,2,soil,12,
25/06/2021,3233,2,organic matter,5,
25/06/2021,3233,2,poo,4,moose/elk
25/06/2021,3233,3,Helianthella uniflora,28,
25/06/2021,3233,3,Symphoricarpos oreophilus,0,overhang-68
25/06/2021,3233,3,Elymus glaucus,0,
25/06/2021,3233,3,Poa secunda,0,
25/06/2021,3233,3,Poa bulbosa,28,
25/06/2021,3233,3,Tragopogon dubius,4,overhang-1
25/06/2021,3233,3,Eriogonum heracleoides,0,
25/06/2021,3233,3,moss,5,yellow green crust
25/06/2021,3233,3,rock,5,
25/06/2021,3233,3,soil,8,
25/06/2021,3233,3,organic matter,18,
25/06/2021,3233,3,poo,3,moose/elk
25/06/2021,3233,4,Helianthella uniflora,34,
25/06/2021,3233,4,Symphoricarpos oreophilus,0,
25/06/2021,3233,4,Elymus glaucus,0,
25/06/2021,3233,4,Poa secunda,0,
25/06/2021,3233,4,Poa bulbosa,39,
25/06/2021,3233,4,Tragopogon dubius,2,
25/06/2021,3233,4,Eriogonum heracleoides,0,
25/06/2021,3233,4,moss,11,yellow green crust
25/06/2021,3233,4,rock,5,
25/06/2021,3233,4,soil,7,
25/06/2021,3233,4,organic matter,3,
25/06/2021,3233,4,poo,4,moose/elk
25/06/2021,3222,COMBINED,Physocarpus malvaceus,80,
25/06/2021,3222,COMBINED,Eucephalus engelmannii,15,
25/06/2021,3222,COMBINED,Populus tremuloides,0,overhang-20
25/06/2021,3222,COMBINED,Symphoricarpos oreophilus,5,
25/06/2021,3222,COMBINED,Vicia americana,7,
25/06/2021,3222,COMBINED,Thalictrum fendleri,2,
25/06/2021,3222,COMBINED,Osmorhiza occidentalis,7,
25/06/2021,3222,COMBINED,Elymus glaucus,2,
25/06/2021,3222,COMBINED,Pseudostellaria jamesiana,1,
25/06/2021,3222,COMBINED,Galium boreale,0.5,
25/06/2021,3222,COMBINED,Arnica cordifolia,5,
25/06/2021,3222,COMBINED,Senecio serra,2,
25/06/2021,3211,1,Artemisia tridentata,0,
25/06/2021,3211,1,Purshia tridentata,0,overhang-1
25/06/2021,3211,1,Poa bulbosa,42,
25/06/2021,3211,1,Poa pratensis,0,
25/06/2021,3211,1,Pseudoroegneria spicata,4,
25/06/2021,3211,1,Eriogonum heracleoides,9,
25/06/2021,3211,1,Tragopogon dubius,6,
25/06/2021,3211,1,Bromus japonicus,0,
25/06/2021,3211,1,Eucephalus elegans,6,
25/06/2021,3211,1,Balsamorhiza sagittata,0,
25/06/2021,3211,1,rock,7,
25/06/2021,3211,1,soil,12,
25/06/2021,3211,1,organic matter,15,
25/06/2021,3211,1,poo,0.5,moose/elk
25/06/2021,3211,1,Poa secunda,0,
25/06/2021,3211,1,Leymus cinereus,0,
25/06/2021,3211,1,Crepis acuminata,0,
25/06/2021,3211,2,Artemisia tridentata,67,
25/06/2021,3211,2,Purshia tridentata,0,overhang-4
25/06/2021,3211,2,Poa bulbosa,2,
25/06/2021,3211,2,Poa pratensis,0,
25/06/2021,3211,2,Pseudoroegneria spicata,0,
25/06/2021,3211,2,Eriogonum heracleoides,7,
25/06/2021,3211,2,Tragopogon dubius,12,
25/06/2021,3211,2,Bromus japonicus,0,
25/06/2021,3211,2,Eucephalus elegans,0,
25/06/2021,3211,2,Balsamorhiza sagittata,1,overhang-3
25/06/2021,3211,2,rock,0.5,
25/06/2021,3211,2,soil,0,
25/06/2021,3211,2,organic matter,10,
25/06/2021,3211,2,poo,0,moose/elk
25/06/2021,3211,2,Poa secunda,1,
25/06/2021,3211,2,Leymus cinereus,2,
25/06/2021,3211,2,Crepis acuminata,0,
25/06/2021,3211,3,Artemisia tridentata,0,
25/06/2021,3211,3,Purshia tridentata,0,
25/06/2021,3211,3,Poa bulbosa,31,
25/06/2021,3211,3,Poa pratensis,4,
25/06/2021,3211,3,Pseudoroegneria spicata,0,
25/06/2021,3211,3,Eriogonum heracleoides,10,
25/06/2021,3211,3,Tragopogon dubius,12,
25/06/2021,3211,3,Bromus japonicus,0,
25/06/2021,3211,3,Eucephalus elegans,2,
25/06/2021,3211,3,Balsamorhiza sagittata,0,
25/06/2021,3211,3,rock,14,
25/06/2021,3211,3,soil,12,
25/06/2021,3211,3,organic matter,15,
25/06/2021,3211,3,poo,0,moose/elk
25/06/2021,3211,3,Poa secunda,0,
25/06/2021,3211,3,Leymus cinereus,0,
25/06/2021,3211,3,Crepis acuminata,0,
25/06/2021,3211,4,Artemisia tridentata,0,overhang-3
25/06/2021,3211,4,Purshia tridentata,0,
25/06/2021,3211,4,Poa bulbosa,13,
25/06/2021,3211,4,Poa pratensis,6,
25/06/2021,3211,4,Pseudoroegneria spicata,3,
25/06/2021,3211,4,Eriogonum heracleoides,3,
25/06/2021,3211,4,Tragopogon dubius,4,
25/06/2021,3211,4,Bromus japonicus,1,
25/06/2021,3211,4,Eucephalus elegans,0,
25/06/2021,3211,4,Balsamorhiza sagittata,3,
25/06/2021,3211,4,rock,13,
25/06/2021,3211,4,soil,38,
25/06/2021,3211,4,organic matter,16,
25/06/2021,3211,4,poo,0.5,moose/elk
25/06/2021,3211,4,Poa secunda,0,
25/06/2021,3211,4,Leymus cinereus,0,
25/06/2021,3211,4,Crepis acuminata,2,
28/06/2021,3122,1,Balsamorhiza sagittata,90,
28/06/2021,3122,1,Pseudoroegneria spicata,3,
28/06/2021,3122,1,Symphoricarpos oreophilus,0,overhang-1
28/06/2021,3122,1,Wyethia amplexicaulis,0,overhang-3
28/06/2021,3122,1,Eriogonum heracleoides,7,
28/06/2021,3122,1,Balsamorhiza macrophylla,4,
28/06/2021,3122,1,Lupinus sericeus,0,
28/06/2021,3122,1,Poa bulbosa,6,
28/06/2021,3122,1,Lathyrus pauciflorus,0,
28/06/2021,3122,1,Achillea millefolium,0,
28/06/2021,3122,1,Tragopogon dubius,0.5,
28/06/2021,3122,1,Senecio integerrimus,0,
28/06/2021,3122,1,rock,11,
28/06/2021,3122,1,soil,3,
28/06/2021,3122,1,organic matter,4,
28/06/2021,3122,1,moss,0,yellow green crust
28/06/2021,3122,1,Helianthella uniflora,0,
28/06/2021,3122,2,Balsamorhiza sagittata,0,overhang-6
28/06/2021,3122,2,Pseudoroegneria spicata,24,
28/06/2021,3122,2,Symphoricarpos oreophilus,0,
28/06/2021,3122,2,Wyethia amplexicaulis,8,
28/06/2021,3122,2,Eriogonum heracleoides,0.5,
28/06/2021,3122,2,Balsamorhiza macrophylla,0,
28/06/2021,3122,2,Lupinus sericeus,0,
28/06/2021,3122,2,Poa bulbosa,22,
28/06/2021,3122,2,Lathyrus pauciflorus,0,
28/06/2021,3122,2,Achillea millefolium,5,
28/06/2021,3122,2,Tragopogon dubius,1,
28/06/2021,3122,2,Senecio integerrimus,0,
28/06/2021,3122,2,rock,29,
28/06/2021,3122,2,soil,3,
28/06/2021,3122,2,organic matter,7,
28/06/2021,3122,2,moss,1,yellow green crust
28/06/2021,3122,2,Helianthella uniflora,1,
28/06/2021,3122,3,Balsamorhiza sagittata,0.5,overhang-6
28/06/2021,3122,3,Pseudoroegneria spicata,25,
28/06/2021,3122,3,Symphoricarpos oreophilus,0,overhang-7
28/06/2021,3122,3,Wyethia amplexicaulis,0,
28/06/2021,3122,3,Eriogonum heracleoides,6,
28/06/2021,3122,3,Balsamorhiza macrophylla,0,overhang-3
28/06/2021,3122,3,Lupinus sericeus,9,
28/06/2021,3122,3,Poa bulbosa,23,
28/06/2021,3122,3,Lathyrus pauciflorus,0,
28/06/2021,3122,3,Achillea millefolium,0,
28/06/2021,3122,3,Tragopogon dubius,1,
28/06/2021,3122,3,Senecio integerrimus,6,
28/06/2021,3122,3,rock,16,
28/06/2021,3122,3,soil,12,
28/06/2021,3122,3,organic matter,4,
28/06/2021,3122,3,moss,3,yellow green crust
28/06/2021,3122,3,Helianthella uniflora,0,
28/06/2021,3122,4,Balsamorhiza sagittata,0,
28/06/2021,3122,4,Pseudoroegneria spicata,49,
28/06/2021,3122,4,Symphoricarpos oreophilus,0,
28/06/2021,3122,4,Wyethia amplexicaulis,0,
28/06/2021,3122,4,Eriogonum heracleoides,0,
28/06/2021,3122,4,Balsamorhiza macrophylla,0,
28/06/2021,3122,4,Lupinus sericeus,0,
28/06/2021,3122,4,Poa bulbosa,12,
28/06/2021,3122,4,Lathyrus pauciflorus,9,
28/06/2021,3122,4,Achillea millefolium,2,
28/06/2021,3122,4,Tragopogon dubius,0,
28/06/2021,3122,4,Senecio integerrimus,2,
28/06/2021,3122,4,rock,8,
28/06/2021,3122,4,soil,11,
28/06/2021,3122,4,organic matter,9,
28/06/2021,3122,4,moss,2,yellow green crust
28/06/2021,3122,4,Helianthella uniflora,1,
28/06/2021,1311,1,Artemisia tridentata,0,overhang-1
28/06/2021,1311,1,Pseudoroegneria spicata,21,
28/06/2021,1311,1,Berberis repens,0,
28/06/2021,1311,1,Alyssum desertorum,1,
28/06/2021,1311,1,Bromus tectorum,1,
28/06/2021,1311,1,Penstemon humilis,0,misIDed as compactus
28/06/2021,1311,1,rock,49,
28/06/2021,1311,1,soil,15,
28/06/2021,1311,1,organic matter,13,
28/06/2021,1311,2,Artemisia tridentata,0,
28/06/2021,1311,2,Pseudoroegneria spicata,1,overhang-3
28/06/2021,1311,2,Berberis repens,7,
28/06/2021,1311,2,Alyssum desertorum,2,
28/06/2021,1311,2,Bromus tectorum,1,
28/06/2021,1311,2,Penstemon humilis,0,overhang-0.5_misIDed as P. compactus 
28/06/2021,1311,2,rock,65,
28/06/2021,1311,2,soil,23,
28/06/2021,1311,2,organic matter,3,
28/06/2021,1311,3,Artemisia tridentata,0,
28/06/2021,1311,3,Pseudoroegneria spicata,0,overhang-17
28/06/2021,1311,3,Berberis repens,3,overhang-1
28/06/2021,1311,3,Alyssum desertorum,5,
28/06/2021,1311,3,Bromus tectorum,1,
28/06/2021,1311,3,Penstemon humilis,0,misIDed as P. compactus
28/06/2021,1311,3,rock,43,
28/06/2021,1311,3,soil,14,
28/06/2021,1311,3,organic matter,35,
28/06/2021,1311,4,Artemisia tridentata,0,
28/06/2021,1311,4,Pseudoroegneria spicata,40,
28/06/2021,1311,4,Berberis repens,4,
28/06/2021,1311,4,Alyssum desertorum,4,
28/06/2021,1311,4,Bromus tectorum,1,
28/06/2021,1311,4,Penstemon humilis,0,misIDed as P. compactus
28/06/2021,1311,4,rock,29,
28/06/2021,1311,4,soil,20,
28/06/2021,1311,4,organic matter,4,
28/06/2021,1322,1,Cirsium arvense,23,
28/06/2021,1322,1,Arctium minus,0,overhang-1
28/06/2021,1322,1,Humulus lulupus,12,overhang-6
28/06/2021,1322,1,Lactuca serriola,6,
28/06/2021,1322,1,Rosa woodsii,6,overhang-4
28/06/2021,1322,1,Mertensia oblongifolia,0,
28/06/2021,1322,1,Tragopogon dubius,0,
28/06/2021,1322,1,Leymus cinereus,0,
28/06/2021,1322,1,Dracocephalum parviflorum,0,
28/06/2021,1322,1,organic matter,0,old Verbascum stalks
28/06/2021,1322,1,organic matter,0,old cyanoglossum stalk
28/06/2021,1322,1,Isatis tinctoria,0,
28/06/2021,1322,1,rock,52,
28/06/2021,1322,1,soil,10,
28/06/2021,1322,1,organic matter,9,
28/06/2021,1322,1,Cynoglossum officinale,0,
28/06/2021,1322,1,Bromus tectorum,0,
28/06/2021,1322,1,Prunus virginiana,0,
28/06/2021,1322,2,Cirsium arvense,14,
28/06/2021,1322,2,Arctium minus,0,
28/06/2021,1322,2,Humulus lulupus,0,overhang-22
28/06/2021,1322,2,Lactuca serriola,0,
28/06/2021,1322,2,Rosa woodsii,30,overhang-6
28/06/2021,1322,2,Mertensia oblongifolia,0,overhang-6
28/06/2021,1322,2,Tragopogon dubius,0,
28/06/2021,1322,2,Leymus cinereus,0,
28/06/2021,1322,2,Dracocephalum parviflorum,0,
28/06/2021,1322,2,organic matter,0,overhang-7_old Verbascum stalks
28/06/2021,1322,2,organic matter,0,old cyanoglossum stalk
28/06/2021,1322,2,Isatis tinctoria,0,
28/06/2021,1322,2,rock,47,
28/06/2021,1322,2,soil,7,
28/06/2021,1322,2,organic matter,13,
28/06/2021,1322,2,Cynoglossum officinale,0,
28/06/2021,1322,2,Bromus tectorum,0,
28/06/2021,1322,2,Prunus virginiana,0,
28/06/2021,1322,3,Cirsium arvense,10,
28/06/2021,1322,3,Arctium minus,0,overhang-3
28/06/2021,1322,3,Humulus lulupus,47,
28/06/2021,1322,3,Lactuca serriola,0,
28/06/2021,1322,3,Rosa woodsii,16,
28/06/2021,1322,3,Mertensia oblongifolia,0,
28/06/2021,1322,3,Tragopogon dubius,2,
28/06/2021,1322,3,Leymus cinereus,7,
28/06/2021,1322,3,Dracocephalum parviflorum,0,
28/06/2021,1322,3,organic matter,0,old Verbascum stalks
28/06/2021,1322,3,organic matter,10,old cyanoglossum stalk
28/06/2021,1322,3,Isatis tinctoria,0,
28/06/2021,1322,3,rock,22,
28/06/2021,1322,3,soil,0,
28/06/2021,1322,3,organic matter,2,
28/06/2021,1322,3,Cynoglossum officinale,5,
28/06/2021,1322,3,Bromus tectorum,0,overhang-1
28/06/2021,1322,3,Prunus virginiana,0,
28/06/2021,1322,4,Cirsium arvense,4,
28/06/2021,1322,4,Arctium minus,0,
28/06/2021,1322,4,Humulus lulupus,0,overhang-19
28/06/2021,1322,4,Lactuca serriola,0,
28/06/2021,1322,4,Rosa woodsii,52,
28/06/2021,1322,4,Mertensia oblongifolia,0,
28/06/2021,1322,4,Tragopogon dubius,0,
28/06/2021,1322,4,Leymus cinereus,0,overhang-2
28/06/2021,1322,4,Dracocephalum parviflorum,3,
28/06/2021,1322,4,organic matter,0,old Verbascum stalks
28/06/2021,1322,4,organic matter,0,old cyanoglossum stalk
28/06/2021,1322,4,Isatis tinctoria,2,
28/06/2021,1322,4,rock,25,
28/06/2021,1322,4,soil,10,
28/06/2021,1322,4,organic matter,12,
28/06/2021,1322,4,Cynoglossum officinale,0,overhang-1
28/06/2021,1322,4,Bromus tectorum,0,
28/06/2021,1322,4,Prunus virginiana,0,overhang-1
28/06/2021,1333,1,Physocarpus malvaceus,0,overhang-45
28/06/2021,1333,1,Maianthemum racemosum,13,
28/06/2021,1333,1,Paxistima myrsinites,6,
28/06/2021,1333,1,Sedum debile,9,
28/06/2021,1333,1,Prosartes trachycarpa,0,
28/06/2021,1333,1,Ozomelis stauropetala,0,
28/06/2021,1333,1,Rosa woodsii,0,
28/06/2021,1333,1,Cystopteris fragilis,0,
28/06/2021,1333,1,Lathyrus pauciflorus,0,
28/06/2021,1333,1,Pseudostellaria jamesiana,0.5,
28/06/2021,1333,1,Berberis repens,0,
28/06/2021,1333,1,Arnica cordifolia,4,
28/06/2021,1333,1,Pseudotsuga menziesii,0,overhang-100
28/06/2021,1333,1,moss,12,green feather
28/06/2021,1333,1,rock,4,
28/06/2021,1333,1,soil,29,
28/06/2021,1333,1,organic matter,24,
28/06/2021,1333,1,lichen,3,gray leafy
28/06/2021,1333,1,Poa sp.,0.5,
28/06/2021,1333,1,Collinsia parviflora,0.5,
28/06/2021,1333,2,Physocarpus malvaceus,0,overhang-37
28/06/2021,1333,2,Maianthemum racemosum,13,
28/06/2021,1333,2,Paxistima myrsinites,0,
28/06/2021,1333,2,Sedum debile,2,
28/06/2021,1333,2,Prosartes trachycarpa,11,
28/06/2021,1333,2,Ozomelis stauropetala,0,
28/06/2021,1333,2,Rosa woodsii,0,overhang-6
28/06/2021,1333,2,Cystopteris fragilis,0,
28/06/2021,1333,2,Lathyrus pauciflorus,0,
28/06/2021,1333,2,Pseudostellaria jamesiana,1,
28/06/2021,1333,2,Berberis repens,10,
28/06/2021,1333,2,Arnica cordifolia,3,
28/06/2021,1333,2,Pseudotsuga menziesii,0,overhang-100
28/06/2021,1333,2,moss,6,green feather
28/06/2021,1333,2,rock,7,
28/06/2021,1333,2,soil,10,
28/06/2021,1333,2,organic matter,51,
28/06/2021,1333,2,lichen,2,gray leafy
28/06/2021,1333,2,Poa sp.,0,
28/06/2021,1333,2,Collinsia parviflora,0,
28/06/2021,1333,3,Physocarpus malvaceus,0,
28/06/2021,1333,3,Maianthemum racemosum,10,overhang-18
28/06/2021,1333,3,Paxistima myrsinites,6,
28/06/2021,1333,3,Sedum debile,6,
28/06/2021,1333,3,Prosartes trachycarpa,0,
28/06/2021,1333,3,Ozomelis stauropetala,0,overhang-1
28/06/2021,1333,3,Rosa woodsii,4,
28/06/2021,1333,3,Cystopteris fragilis,12,
28/06/2021,1333,3,Lathyrus pauciflorus,1,
28/06/2021,1333,3,Pseudostellaria jamesiana,1,
28/06/2021,1333,3,Berberis repens,0,
28/06/2021,1333,3,Arnica cordifolia,2,
28/06/2021,1333,3,Pseudotsuga menziesii,0,overhang-100
28/06/2021,1333,3,moss,23,green feather
28/06/2021,1333,3,rock,3,
28/06/2021,1333,3,soil,22,
28/06/2021,1333,3,organic matter,15,
28/06/2021,1333,3,lichen,1,gray leafy
28/06/2021,1333,3,Poa sp.,1,
28/06/2021,1333,3,Collinsia parviflora,0,
28/06/2021,1333,4,Physocarpus malvaceus,0,overhang-83
28/06/2021,1333,4,Maianthemum racemosum,0,overhang-3
28/06/2021,1333,4,Paxistima myrsinites,3,
28/06/2021,1333,4,Sedum debile,3,
28/06/2021,1333,4,Prosartes trachycarpa,0,
28/06/2021,1333,4,Ozomelis stauropetala,2,
28/06/2021,1333,4,Rosa woodsii,1,
28/06/2021,1333,4,Cystopteris fragilis,0,
28/06/2021,1333,4,Lathyrus pauciflorus,1,
28/06/2021,1333,4,Pseudostellaria jamesiana,1,
28/06/2021,1333,4,Berberis repens,0,overhang-3
28/06/2021,1333,4,Arnica cordifolia,2,
28/06/2021,1333,4,Pseudotsuga menziesii,0,overhang-100
28/06/2021,1333,4,moss,25,green feather
28/06/2021,1333,4,rock,7,
28/06/2021,1333,4,soil,20,
28/06/2021,1333,4,organic matter,28,
28/06/2021,1333,4,lichen,0.5,gray leafy
28/06/2021,1333,4,Poa sp.,0,
28/06/2021,1333,4,Collinsia parviflora,0.5,
28/06/2021,3133,1,Balsamorhiza sagittata,55,
28/06/2021,3133,1,Eriogonum heracleoides,5,
28/06/2021,3133,1,Crepis acuminata,0,
28/06/2021,3133,1,Pseudoroegneria spicata,16,
28/06/2021,3133,1,Tragopogon dubius,2,
28/06/2021,3133,1,Poa bulbosa,20,
28/06/2021,3133,1,Helianthella uniflora,1,
28/06/2021,3133,1,poo,0,moose/elk
28/06/2021,3133,1,rock,1,
28/06/2021,3133,1,soil,7,
28/06/2021,3133,1,organic matter,4,
28/06/2021,3133,1,moss,0,yellow green crust
28/06/2021,3133,2,Balsamorhiza sagittata,3,overhang-18
28/06/2021,3133,2,Eriogonum heracleoides,3,
28/06/2021,3133,2,Crepis acuminata,0,
28/06/2021,3133,2,Pseudoroegneria spicata,13,
28/06/2021,3133,2,Tragopogon dubius,1,
28/06/2021,3133,2,Poa bulbosa,30,
28/06/2021,3133,2,Helianthella uniflora,1,
28/06/2021,3133,2,poo,0,moose/elk
28/06/2021,3133,2,rock,4,
28/06/2021,3133,2,soil,13,
28/06/2021,3133,2,organic matter,33,
28/06/2021,3133,2,moss,1,yellow green crust
28/06/2021,3133,3,Balsamorhiza sagittata,0,overhang-1
28/06/2021,3133,3,Eriogonum heracleoides,5,
28/06/2021,3133,3,Crepis acuminata,0,
28/06/2021,3133,3,Pseudoroegneria spicata,40,
28/06/2021,3133,3,Tragopogon dubius,0,
28/06/2021,3133,3,Poa bulbosa,9,
28/06/2021,3133,3,Helianthella uniflora,0.5,
28/06/2021,3133,3,poo,8,moose/elk
28/06/2021,3133,3,rock,0,
28/06/2021,3133,3,soil,1,
28/06/2021,3133,3,organic matter,30,
28/06/2021,3133,3,moss,2,yellow green crust
28/06/2021,3133,4,Balsamorhiza sagittata,0,overhang-1
28/06/2021,3133,4,Eriogonum heracleoides,7,
28/06/2021,3133,4,Crepis acuminata,7,
28/06/2021,3133,4,Pseudoroegneria spicata,39,
28/06/2021,3133,4,Tragopogon dubius,2,
28/06/2021,3133,4,Poa bulbosa,23,
28/06/2021,3133,4,Helianthella uniflora,0.5,
28/06/2021,3133,4,poo,2,moose/elk
28/06/2021,3133,4,rock,10,
28/06/2021,3133,4,soil,3,
28/06/2021,3133,4,organic matter,5,
28/06/2021,3133,4,moss,2,yellow green crust
28/06/2021,3111,1,Prunus virginiana,0,overhang-100
28/06/2021,3111,1,Lathyrus pauciflorus,15,
28/06/2021,3111,1,Agastache urticifolia,10,
28/06/2021,3111,1,Epilobium angustifolium,0,
28/06/2021,3111,1,Leymus cinereus,15,
28/06/2021,3111,1,Berberis repens,41,
28/06/2021,3111,1,Osmorhiza occidentalis,2,
28/06/2021,3111,1,Taraxacum officinale,0,
28/06/2021,3111,1,Carex geyeri,21,
28/06/2021,3111,1,Achillea millefolium,1,
28/06/2021,3111,1,Delphinium occidentale,6,
28/06/2021,3111,1,Hackelia floribunda,9,
28/06/2021,3111,2,Prunus virginiana,5,overhang-75
28/06/2021,3111,2,Lathyrus pauciflorus,9,
28/06/2021,3111,2,Agastache urticifolia,15,
28/06/2021,3111,2,Epilobium angustifolium,0,
28/06/2021,3111,2,Leymus cinereus,17,
28/06/2021,3111,2,Berberis repens,35,
28/06/2021,3111,2,Osmorhiza occidentalis,3,
28/06/2021,3111,2,Taraxacum officinale,5,
28/06/2021,3111,2,Carex geyeri,12,
28/06/2021,3111,2,Achillea millefolium,3,
28/06/2021,3111,2,Delphinium occidentale,4,
28/06/2021,3111,2,Hackelia floribunda,0,
28/06/2021,3111,3,Prunus virginiana,36,overhang-50
28/06/2021,3111,3,Lathyrus pauciflorus,28,
28/06/2021,3111,3,Agastache urticifolia,8,
28/06/2021,3111,3,Epilobium angustifolium,0,
28/06/2021,3111,3,Leymus cinereus,12,
28/06/2021,3111,3,Berberis repens,15,
28/06/2021,3111,3,Osmorhiza occidentalis,5,
28/06/2021,3111,3,Taraxacum officinale,0,
28/06/2021,3111,3,Carex geyeri,42,
28/06/2021,3111,3,Achillea millefolium,3,
28/06/2021,3111,3,Delphinium occidentale,0,
28/06/2021,3111,3,Hackelia floribunda,0,
28/06/2021,3111,4,Prunus virginiana,5,overhang-75
28/06/2021,3111,4,Lathyrus pauciflorus,23,
28/06/2021,3111,4,Agastache urticifolia,17,
28/06/2021,3111,4,Epilobium angustifolium,12,
28/06/2021,3111,4,Leymus cinereus,14,
28/06/2021,3111,4,Berberis repens,22,
28/06/2021,3111,4,Osmorhiza occidentalis,3,
28/06/2021,3111,4,Taraxacum officinale,6,
28/06/2021,3111,4,Carex geyeri,21,
28/06/2021,3111,4,Achillea millefolium,0,
28/06/2021,3111,4,Delphinium occidentale,0,
28/06/2021,3111,4,Hackelia floribunda,0,
