Species,Site,Introduced_status
Triticum aestivum,Boothby,Introduced
Geranium lucidum,Boothby,Native
Abies alba,Reinischkogel,Native
Phleum pratense,Boothby,Native
Dactylis glomerata,Boothby,Native
Centaurea nigra,Boothby,Native
Acer glabrum,rhf,Native
Vicia tetrasperma,Boothby,Native
Lotus corniculatus,Boothby,Native
Acer negundo,uk,Introduced
Acer pensylvanicum,uk,Introduced
Acer saccharinum,uk,Introduced
Cynosurus cristatus,Boothby,Native
Aconitum napellus,uk,Introduced
Aesculus glabra,uk,Introduced
Aethusa cynapium,uk,Native
Agoseris heterophylla,rhf,Native
Glechoma hederacea,Boothby,Native
Urtica dioica,Boothby,Native
Agropyron cristatum,rhf,Introduced
Agrostis capillaris,uk,Native
Agrostis capillaris,uk,Native
Veronica chamaedrys,Boothby,Native
Lamium album,Boothby,Introduced
Mercurialis perennis,Boothby,Native
Agrostis capillaris,uk,Native
Agrostis stolonifera,uk,Native
Ranunculus repens,Boothby,Native
Agrostis stolonifera,uk,Native
Alnus rubra,uk,Introduced
Prunella vulgaris,Boothby,Native
Amelanchier alnifolia,rhf,Native
Aphanes arvensis,uk,Native
Acer campestre,Boothby,Native
Cirsium arvense,Boothby,Native
Senecio vulgaris,Boothby,Native
Arbutus unedo,uk,Introduced
Arctium minus,rhf,Introduced
Arenaria serpyllifolia,rhf,Introduced
Arrhenatherum elatius,uk,Native
Galium aparine,Boothby,Native
Holcus lanatus,Boothby,Native
Quercus robur,Boothby,Native
Carpinus betulus,Boothby,Native
Geum urbanum,Boothby,Native
Arrhenatherum elatius,uk,Native
Arrhenatherum elatius,Reinischkogel,Native
Convolvulus arvensis,Boothby,Native
Taraxacum officinale,Boothby,Native
Trifolium repens,Boothby,Native
Arrhenatherum elatius,uk,Native
Geranium dissectum,Boothby,Introduced
Rumex crispus,Boothby,Native
Artemisia tridentata,rhf,Native
Asclepias tuberosa,uk,Introduced
Prunus padus,Boothby,Native
Crataegus monogyna,Boothby,Native
Atriplex patula,uk,Native
Atriplex patula,Ordu_urban,Native
Atropa belladonna,uk,Native
Epilobium parviflorum,Boothby,Native
Cirsium vulgare,Boothby,Native
Atropa belladonna,uk,Native
Anthriscus sylvestris,Boothby,Native
Avena barbata,Enez forest,Native
Leucanthemum vulgare,Boothby,Native
Torilis japonica,Boothby,Native
Betula papyrifera,uk,Introduced
Betula populifolia,uk,Introduced
Prunus spinosa,Boothby,Native
Betula pubescens,uk,Native
Primula veris,Boothby,Native
Bidens connata,uk,Introduced
Brachypodium sylvaticum,uk,Native
Brachypodium sylvaticum,uk,Native
Alopecurus pratensis,Boothby,Native
Brassica napus,uk,Introduced
Briza media,Enez forest,Native
Rumex acetosa,Boothby,Native
Bromus carinatus,rhf,Introduced
Capsella bursa-pastoris,Boothby,Introduced
Bromus hordeaceus,uk,Native
Vicia sativa,Boothby,Introduced
Phragmites australis,Boothby,Native
Bromus hordeaceus,Enez forest,Native
Fraxinus excelsior,Boothby,Native
Stellaria media,Boothby,Native
Bromus hordeaceus,uk,Native
Plantago major,Boothby,Native
Bromus inermis,rhf,Introduced
Fagus sylvatica,Boothby,Native
Bromus japonicus,rhf,Introduced
Bromus ramosus,uk,Native
Hedera helix,Boothby,Native
Bromus tectorum,rhf,Introduced
Lonicera periclymenum,Boothby,Native
Geranium robertianum,Boothby,Native
Calamagrostis epigejos,Reinischkogel,Native
Angelica sylvestris,Boothby,Native
Urtica dioica,Budworth,Native
Galium aparine,Budworth,Native
Corylus avellana,Budworth,Native
Taraxacum officinale,Budworth,Native
Calystegia sepium,uk,Native
Calluna vulgaris,Budworth,Native
Ilex aquifolium,Budworth,Native
Sorbus aucuparia,Budworth,Native
Hedera helix,Budworth,Native
Campanula patula,Reinischkogel,Native
Trifolium arvense,Enez forest,Native
Campanula rapunculoides,Reinischkogel,Native
Cardamine flexuosa,uk,Native
Carex brizoides,Reinischkogel,Native
Carex canescens,uk,Native
Carex flacca,uk,Native
Carex flacca,uk,Native
Trifolium repens,Knepp,Native
Holcus lanatus,Knepp,Native
Carex hirta,uk,Native
Carex muricata,uk,Native
Carex remota,uk,Native
Stellaria graminea,Knepp,Native
Geranium dissectum,Knepp,Introduced
Vicia sativa,Knepp,Introduced
Taraxacum officinale,Knepp,Native
Carex remota,uk,Native
Cirsium arvense,Knepp,Native
Ranunculus repens,Knepp,Native
Rumex acetosa,Knepp,Native
Rumex crispus,Knepp,Native
Trifolium dubium,Knepp,Native
Carex sylvatica,uk,Native
Carex sylvatica,Reinischkogel,Native
Cardamine pratensis,Knepp,Native
Galium palustre,Knepp,Native
Lycopus europaeus,Knepp,Native
Lathyrus nissolia,Knepp,Native
Castanea dentata,uk,Introduced
Centaurea scabiosa,uk,Native
Quercus robur,Knepp,Native
Prunella vulgaris,Knepp,Native
Cerastium arvense,uk,Native
Dactylis glomerata,Knepp,Native
Alopecurus pratensis,Knepp,Native
Cerastium fontanum,uk,Native
Cerastium fontanum,uk,Native
Chaerophyllum temulum,uk,Native
Juncus inflexus,Knepp,Native
Lotus pedunculatus,Knepp,Native
Carpinus betulus,Knepp,Native
Phleum pratense,Knepp,Native
Potentilla reptans,Knepp,Native
Chenopodium album,uk,Native
Cirsium dissectum,uk,Native
Ranunculus acris,Knepp,Native
Cirsium dissectum,uk,Native
Claytonia perfoliata,rhf,Native
Mentha aquatica,Knepp,Native
Urtica dioica,Knepp,Native
Oenanthe crocata,Knepp,Native
Epilobium parviflorum,Knepp,Native
Plantago major,Knepp,Native
Veronica arvensis,Knepp,Native
Epilobium tetragonum,Knepp,Native
Conyza canadensis,Ordu_urban,Introduced
Cornus sericea,rhf,Native
Corylus avellana,Knepp,Native
Crataegus monogyna,Knepp,Native
Cotoneaster integerrimus,uk,Introduced
Circaea lutetiana,Knepp,Native
Geum urbanum,Knepp,Native
Centaurea nigra,Knepp,Native
Crepis capillaris,uk,Native
Crepis capillaris,uk,Native
Veronica chamaedrys,Knepp,Native
Viola riviniana,Knepp,Native
Crepis paludosa,uk,Native
Crepis vesicaria,uk,Introduced
Vicia tetrasperma,Knepp,Native
Cucurbita pepo,uk,Introduced
Veronica serpyllifolia,Knepp,Native
Cynoglossum officinale,rhf,Introduced
Fraxinus excelsior,Knepp,Native
Cynosurus echinatus,Enez forest,Native
Galium aparine,Knepp,Native
Delphinium nuttallianum,rhf,Native
Geranium robertianum,Knepp,Native
Glechoma hederacea,Knepp,Native
Juncus conglomeratus,Knepp,Native
Plantago lanceolata,Knepp,Native
Deschampsia cespitosa,uk,Native
Deschampsia cespitosa,uk,Native
Cardamine hirsuta,Knepp,Native
Hedera helix,Knepp,Native
Deschampsia flexuosa,uk,Native
Deschampsia flexuosa,uk,Native
Digitalis grandiflora,uk,Introduced
Cynosurus cristatus,Knepp,Native
Digitaria sanguinalis,Ordu_urban,Native
Elaeagnus angustifolia,uk,Introduced
Elymus glaucus,rhf,Native
Agrimonia eupatoria,Knepp,Native
Elymus repens,uk,Native
Elymus repens,uk,Native
Hyacinthoides non-scripta,Knepp,Native
Acer pseudoplatanus,Knepp,Introduced
Lonicera periclymenum,Knepp,Native
Epilobium angustifolium,uk,Native
Lathyrus pratensis,Knepp,Native
Epilobium angustifolium,rhf,Native
Epilobium ciliatum,uk,Introduced
Vinca major,Knepp,Introduced
Primula vulgaris,Knepp,Native
Epilobium ciliatum,uk,Introduced
Lotus corniculatus,Knepp,Native
Epilobium montanum,uk,Native
Acer campestre,Knepp,Native
Arum maculatum,Knepp,Native
Epilobium palustre,uk,Native
Leucanthemum vulgare,Knepp,Native
Prunus padus,Knepp,Native
Eruca vesicaria,uk,Introduced
Vicia sepium,Knepp,Native
Stellaria media,Knepp,Native
Prunus spinosa,Knepp,Native
Mercurialis perennis,Knepp,Native
Alliaria petiolata,Knepp,Native
Lapsana communis,Knepp,Native
Fallopia convolvulus,uk,Introduced
Prunus avium,Knepp,Native
Convolvulus arvensis,Knepp,Native
Iris pseudacorus,Knepp,Native
Festuca pratensis,uk,Native
Festuca rubra,uk,Native
Festuca rubra,uk,Native
Fragaria vesca,Reinischkogel,Native
Betula pendula,Knepp,Native
Fragaria vesca,rhf,Native
Fragaria virginiana,rhf,Native
Fraxinus americana,uk,Introduced
Anthoxanthum odoratum,Knepp,Native
Fraxinus ornus,uk,Introduced
Fumaria officinalis,uk,Introduced
Galium boreale,rhf,Native
Garrya elliptica,uk,Introduced
Corylus avellana,Ordu_urban,Native
Gentianella uliginosa,uk,Introduced
Geranium columbinum,uk,Native
Geranium columbinum,uk,Native
Artemisia vulgaris,Ordu_urban,Introduced
Geranium molle,uk,Native
Goodyera oblongifolia,rhf,Native
Hamamelis virginiana,uk,Introduced
Urtica dioica,Ordu_urban,Native
Daucus carota,Ordu_urban,Native
Vicia sativa,Ordu_urban,Introduced
Trifolium pratense,Ordu_urban,Native
Helianthus giganteus,uk,Introduced
Solanum nigrum,Ordu_urban,Native
Hieracium murorum,Reinischkogel,Native
Hordeum murinum,uk,Native
Hordeum murinum,uk,Native
Hordeum vulgare,uk,Introduced
Hypericum perforatum,uk,Native
Hypericum perforatum,Reinischkogel,Native
Oxalis acetosella,Reinischkogel,Native
Hypericum tetrapterum,uk,Native
Sorbus aucuparia,Reinischkogel,Native
Hypericum tetrapterum,uk,Native
Hedera helix,Reinischkogel,Native
Acer pseudoplatanus,Reinischkogel,Introduced
Hypochaeris radicata,uk,Native
Achillea millefolium,Reinischkogel,Native
Rubus idaeus,Reinischkogel,Native
Aegopodium podagraria,Reinischkogel,Introduced
Anthriscus sylvestris,Reinischkogel,Native
Iris sibirica,uk,Introduced
Vicia sepium,Reinischkogel,Native
Dactylis glomerata,Reinischkogel,Native
Isatis tinctoria,rhf,Introduced
Trifolium pratense,Reinischkogel,Native
Juncus effusus,uk,Native
Plantago lanceolata,Reinischkogel,Native
Prunella vulgaris,Reinischkogel,Native
Juncus effusus,uk,Native
Juncus tenuis,uk,Introduced
Juniperus osteosperma,rhf,Native
Koeleria macrantha,rhf,Native
Lactuca serriola,Reinischkogel,Native
Lactuca serriola,rhf,Introduced
Tussilago farfara,Reinischkogel,Native
Trifolium repens,Reinischkogel,Native
Lathyrus latifolius,uk,Introduced
Plantago major,Reinischkogel,Native
Lathyrus odoratus,uk,Introduced
Leontodon hispidus,uk,Native
Leontodon hispidus,Reinischkogel,Introduced
Lepidium sativum,uk,Introduced
Stellaria media,rhf,Native
Linum perenne,uk,Introduced
Liquidambar styraciflua,uk,Introduced
Lolium multiflorum,uk,Introduced
Lolium perenne,uk,Native
Lolium perenne,uk,Native
Lolium perenne,Ordu_urban,Native
Achillea millefolium,rhf,Native
Verbascum thapsus,rhf,Native
Taraxacum officinale,rhf,Native
Luzula campestris,uk,Native
Magnolia grandiflora,uk,Introduced
Galium aparine,rhf,Native
Maianthemum bifolium,Reinischkogel,Native
Maianthemum racemosum,rhf,Native
Malus sylvestris,uk,Native
Melampyrum pratense,Reinischkogel,Native
Mentha arvensis,uk,Native
Cirsium arvense,rhf,Native
Mentha arvensis,rhf,Introduced
Milium effusum,Reinischkogel,Native
Myosotis arvensis,uk,Native
Myosotis laxa,uk,Native
Erodium cicutarium,rhf,Native
Myosotis scorpioides,uk,Native
Myosotis scorpioides,rhf,Introduced
Nasturtium officinale,uk,Native
Oenanthe fistulosa,uk,Native
Oenanthe lachenalii,uk,Native
Oxalis corniculata,Ordu_urban,Introduced
Picea abies,uk,Introduced
Picea abies,Reinischkogel,Native
Picris echioides,uk,Native
Pinus flexilis,rhf,Native
Platanus occidentalis,uk,Introduced
Humulus lupulus,rhf,Native
Poa annua,uk,Native
Poa annua,uk,Native
Poa bulbosa,rhf,Introduced
Poa compressa,uk,Native
Poa nemoralis,uk,Native
Poa nemoralis,uk,Native
Poa nemoralis,Reinischkogel,Native
Poa pratensis,uk,Native
Poa pratensis,uk,Native
Poa pratensis,Reinischkogel,Native
Poa pratensis,rhf,Native
Poa pratensis,uk,Native
Poa secunda,rhf,Native
Galium aparine,Silwood Park,Native
Rumex acetosa,Silwood Park,Native
Achillea millefolium,Silwood Park,Native
Rumex acetosella,Silwood Park,Native
Veronica chamaedrys,Silwood Park,Native
Stellaria graminea,Silwood Park,Native
Urtica dioica,Silwood Park,Native
Poa trivialis,uk,Native
Poa trivialis,Enez forest,Native
Myosotis sylvatica,Silwood Park,Native
Poa trivialis,uk,Native
Polygonum aviculare,uk,Native
Fraxinus excelsior,Silwood Park,Native
Populus tremuloides,rhf,Native
Alnus glutinosa,Silwood Park,Native
Impatiens glandulifera,Silwood Park,Introduced
Acer pseudoplatanus,Silwood Park,Introduced
Hyacinthoides non-scripta,Silwood Park,Native
Taxus baccata,Silwood Park,Native
Populus tremuloides,uk,Introduced
Holcus lanatus,Silwood Park,Native
Potentilla anserina,uk,Native
Potentilla recta,uk,Introduced
Potentilla sterilis,uk,Native
Ranunculus repens,Silwood Park,Native
Digitalis purpurea,Silwood Park,Native
Lonicera periclymenum,Silwood Park,Native
Quercus robur,Silwood Park,Native
Glechoma hederacea,Silwood Park,Native
Dactylis glomerata,Silwood Park,Native
Potentilla sterilis,uk,Native
Prunella grandiflora,uk,Introduced
Prunus virginiana,rhf,Native
Anthoxanthum odoratum,Silwood Park,Native
Fagus sylvatica,Silwood Park,Native
Prunus padus,Silwood Park,Native
Ilex aquifolium,Silwood Park,Native
Cirsium arvense,Silwood Park,Native
Pseudotsuga menziesii,rhf,Native
Vicia sativa,Silwood Park,Introduced
Angelica sylvestris,Silwood Park,Native
Quercus petraea,uk,Native
Raphanus sativus,uk,Introduced
Trifolium repens,Silwood Park,Native
Betula pendula,Silwood Park,Native
Lotus corniculatus,Silwood Park,Native
Rorippa sylvestris,uk,Native
Juncus conglomeratus,Silwood Park,Native
Rosa canina,uk,Native
Lotus pedunculatus,Silwood Park,Native
Allium ursinum,uk,Native
Cotoneaster franchetii,uk,Introduced
Epilobium hirsutum,uk,Native
Tellima grandiflora,uk,Introduced
Viburnum tinus,uk,Introduced
Linaria purpurea,uk,Introduced
Trifolium incarnatum,uk,Native
Aesculus hippocastanum,uk,Introduced
Cardamine pratensis,uk,Native
Carpinus betulus,uk,Native
Glechoma hederacea,uk,Native
Galium odoratum,uk,Native
Thuja plicata,uk,Introduced
Adoxa moschatellina,uk,Native
Alliaria petiolata,uk,Native
Anemone nemorosa,uk,Native
Carex pendula,uk,Native
Euphorbia amygdaloides,uk,Native
Hyacinthoides non-scripta,uk,Native
Lamium purpureum,uk,Native
Bellis perennis,uk,Native
Ajuga reptans,uk,Native
Caltha palustris,uk,Native
Dioscorea communis,uk,Native
Stellaria graminea,uk,Native
Solanum dulcamara,uk,Native
Ligustrum vulgare,uk,Native
Plantago lanceolata,uk,Native
Convolvulus arvensis,uk,Native
Euonymus europaeus,uk,Native
Mercurialis perennis,uk,Native
Agrimonia eupatoria,uk,Native
Arum maculatum,uk,Native
Prunus spinosa,uk,Native
Pulicaria vulgaris,uk,Native
Mentha aquatica,uk,Native
Stachys palustris,uk,Native
Lapsana communis,uk,Native
Lathyrus nissolia,uk,Native
Veronica beccabunga,uk,Native
Centaurium erythraea,uk,Native
Cirsium vulgare,uk,Native
Dactylis glomerata,uk,Native
Digitalis purpurea,uk,Native
Dipsacus fullonum,uk,Native
Geranium dissectum,uk,Introduced
Iris pseudacorus,uk,Native
Juncus conglomeratus,uk,Native
Juncus inflexus,uk,Native
Kickxia elatine,uk,Introduced
Lycopus europaeus,uk,Native
Pinus sylvestris,uk,Native
Primula vulgaris,uk,Native
Scrophularia nodosa,uk,Native
Viola odorata,uk,Native
Artemisia vulgaris,uk,Introduced
Carex remota,uk,Native
Centaurea nigra,uk,Native
Cirsium palustre,uk,Native
Datura stramonium,uk,Introduced
Daucus carota,uk,Native
Echium vulgare,uk,Native
Fraxinus excelsior,uk,Native
Galium verum,uk,Native
Heracleum sphondylium,uk,Native
Hypericum perforatum,uk,Native
Juncus effusus,uk,Native
Knautia arvensis,uk,Native
Lamium album,uk,Introduced
Linaria vulgaris,uk,Native
Lythrum salicaria,uk,Native
Medicago arabica,uk,Native
Medicago lupulina,uk,Native
Melilotus officinalis,uk,Introduced
Oenanthe crocata,uk,Native
Persicaria maculosa,uk,Native
Potentilla reptans,uk,Native
Primula veris,uk,Native
Prunella vulgaris,uk,Native
Quercus robur,uk,Native
Scirpus sylvaticus,uk,Native
Silene dioica,uk,Native
Stachys sylvatica,uk,Native
Teucrium scorodonia,uk,Native
Typha angustifolia,uk,Native
Typha latifolia,uk,Native
Ulmus glabra,uk,Native
Veronica serpyllifolia,uk,Native
Vicia cracca,uk,Native
Cirsium arvense,uk,Native
Humulus lupulus,uk,Native
Myosotis discolor,uk,Native
Solanum nigrum,uk,Native
Veronica persica,uk,Introduced
Prunus laurocerasus,uk,Introduced
Trifolium dubium,uk,Native
Trifolium repens,uk,Native
Veronica chamaedrys,uk,Native
Acer campestre,uk,Native
Corylus avellana,uk,Native
Geranium robertianum,uk,Native
Lilium martagon,uk,Introduced
Lotus pedunculatus,uk,Native
Filipendula ulmaria,uk,Native
Lysimachia vulgaris,uk,Native
Rumex obtusifolius,uk,Native
Sparganium erectum,uk,Native
Achillea millefolium,uk,Native
Ilex aquifolium,uk,Native
Rumex sanguineus,uk,Native
Taraxacum officinale,uk,Native
Vicia sativa,uk,Introduced
Geum urbanum,uk,Native
Origanum vulgare,uk,Native
Hypericum calycinum,uk,Introduced
Vicia sepium,uk,Native
Symphytum officinale,uk,Native
Epilobium parviflorum,uk,Native
Alisma plantago-aquatica,uk,Native
Epilobium tetragonum,uk,Native
Vicia hirsuta,uk,Native
Holcus lanatus,uk,Native
Vinca major,uk,Introduced
Galium aparine,uk,Native
Lonicera periclymenum,uk,Native
Cardamine flexuosa,uk,Native
Chrysosplenium oppositifolium,uk,Native
Oxalis acetosella,uk,Native
Pseudotsuga menziesii,uk,Introduced
Silene latifolia,uk,Introduced
Potentilla sterilis,uk,Native
Rhododendron ponticum,uk,Introduced
Veronica hederifolia,uk,Introduced
Eupatorium cannabinum,uk,Native
Acer pseudoplatanus,uk,Introduced
Leucanthemum vulgare,uk,Native
Lunaria annua,uk,Introduced
Plantago major,uk,Native
Pyrus communis,uk,Introduced
Ulex europaeus,uk,Native
Viburnum opulus,uk,Native
Zea mays,uk,Introduced
Anthriscus sylvestris,uk,Native
Cardamine hirsuta,uk,Native
Crataegus monogyna,uk,Native
Geranium pratense,uk,Native
Hedera helix,uk,Native
Prunus padus,uk,Native
Urtica dioica,uk,Native
Viola riviniana,uk,Native
Pilosella officinarum,uk,Native
Silene vulgaris,uk,Native
Fagus sylvatica,uk,Native
Chelidonium majus,uk,Introduced
Clinopodium vulgare,uk,Native
Cymbalaria muralis,uk,Introduced
Euphorbia peplus,uk,Introduced
Lathyrus pratensis,uk,Native
Reseda lutea,uk,Native
Luzula campestris,uk,Native
Claytonia perfoliata,uk,Introduced
Ribes sanguineum,uk,Introduced
Carduus nutans,uk,Native
Centaurea scabiosa,uk,Native
Hordeum vulgare,uk,Introduced
Ranunculus repens,uk,Native
Triticum aestivum,uk,Introduced
Veronica montana,uk,Native
Rosa dumalis,uk,Native
Circaea lutetiana,uk,Native
Impatiens glandulifera,uk,Introduced
Stellaria media,uk,Native
Agrostemma githago,uk,Introduced
Antirrhinum majus,uk,Introduced
Aquilegia vulgaris,uk,Native
Geranium lucidum,uk,Native
Geranium phaeum,uk,Introduced
Prunus cerasifera,uk,Introduced
Syringa vulgaris,uk,Introduced
Tanacetum parthenium,uk,Introduced
Raphanus raphanistrum,uk,Introduced
Phragmites australis,uk,Native
Tanacetum vulgare,uk,Native
Borago officinalis,uk,Introduced
Larix decidua,uk,Introduced
Papaver cambricum,uk,Native
Aegopodium podagraria,uk,Introduced
Tussilago farfara,uk,Native
Tropaeolum majus,uk,Introduced
Vinca minor,uk,Introduced
Prunus avium,uk,Native
Salix caprea,uk,Native
Trifolium pratense,uk,Native
Sambucus nigra,uk,Native
Gnaphalium uliginosum,uk,Native
Viola arvensis,uk,Introduced
Rhinanthus minor,uk,Native
Fritillaria meleagris,uk,Introduced
Aethusa cynapium,uk,Native
Elymus repens,uk,Native
Quercus rubra,uk,Introduced
Senecio vulgaris,uk,Native
Sorbus aucuparia,uk,Native
Quercus palustris,uk,Introduced
Rosa canina,uk,Native
Rosa rugosa,uk,Introduced
Rubus fruticosus,uk,Native
Erodium cicutarium,uk,Native
Euphorbia lathyris,uk,Introduced
Mahonia aquifolium,uk,Introduced
Campanula trachelium,uk,Native
Verbascum thapsus,uk,Native
Acer platanoides,uk,Introduced
Ailanthus altissima,uk,Introduced
Calluna vulgaris,uk,Native
Capsella bursa-pastoris,uk,Introduced
Sisymbrium officinale,uk,Introduced
Cotoneaster horizontalis,uk,Introduced
Geum rivale,uk,Native
Nymphoides peltata,uk,Native
Achillea ptarmica,uk,Native
Beta vulgaris,uk,Native
Cornus sanguinea,uk,Native
Pastinaca sativa,uk,Native
Rosa spinosissima,uk,Native
Betula pendula,uk,Native
Malus sylvestris,uk,Native
Geranium sanguineum,uk,Native
Papaver somniferum,uk,Introduced
Populus alba,uk,Introduced
Buxus sempervirens,uk,Native
Senecio viscosus,uk,Native
Carduus crispus,uk,Native
Fragaria vesca,uk,Native
Hirschfeldia incana,uk,Introduced
Reseda luteola,uk,Introduced
Trifolium arvense,uk,Native
Urtica urens,uk,Introduced
Rubus fruticosus,uk,Native
Blackstonia perfoliata,uk,Native
Clematis vitalba,uk,Native
Epipactis palustris,uk,Native
Gymnadenia conopsea,uk,Native
Rubus fruticosus,uk,Native
Hieracium umbellatum,uk,Native
Lotus corniculatus,uk,Native
Oenothera glazioviana,uk,Introduced
Phalaris arundinacea,uk,Native
Populus tremula,uk,Native
Sonchus asper,uk,Native
Trifolium hybridum,uk,Introduced
Viburnum lantana,uk,Native
Cornus sericea,uk,Introduced
Hesperis matronalis,uk,Introduced
Ranunculus sceleratus,uk,Native
Torilis japonica,uk,Native
Arctium minus,uk,Native
Calystegia sepium,uk,Native
Filipendula vulgaris,uk,Native
Quercus cerris,uk,Introduced
Saxifraga granulata,uk,Native
Agrostis capillaris,uk,Native
Agrostis stolonifera,uk,Native
Alnus glutinosa,uk,Native
Alopecurus pratensis,uk,Native
Angelica sylvestris,uk,Native
Anthoxanthum odoratum,uk,Native
Arrhenatherum elatius,uk,Native
Atriplex patula,uk,Native
Rubus fruticosus,Reinischkogel,Native
Ballota nigra,uk,Introduced
Betula pubescens,uk,Native
Brachypodium sylvaticum,uk,Native
Brassica rapa,uk,Introduced
Bromus hordeaceus,uk,Native
Bromus sterilis,uk,Introduced
Buddleja davidii,uk,Introduced
Carex hirta,uk,Native
Castanea sativa,uk,Introduced
Centranthus ruber,uk,Introduced
Cerastium fontanum,uk,Native
Cerastium glomeratum,uk,Native
Cichorium intybus,uk,Introduced
Cochlearia danica,uk,Native
Conium maculatum,uk,Introduced
Conopodium majus,uk,Native
Cynosurus cristatus,uk,Native
Cytisus scoparius,uk,Native
Elymus caninus,uk,Native
Rubus fruticosus,uk,Native
Epilobium montanum,uk,Native
Epilobium palustre,uk,Native
Festuca ovina,uk,Native
Fumaria officinalis,uk,Introduced
Galinsoga quadriradiata,uk,Introduced
Galium mollugo,uk,Native
Galium palustre,uk,Native
Geranium molle,uk,Native
Geranium pyrenaicum,uk,Native
Glyceria fluitans,uk,Native
Juniperus communis,uk,Native
Lactuca serriola,uk,Introduced
Laurus nobilis,uk,Introduced
Linum catharticum,uk,Native
Lolium perenne,uk,Native
Melilotus altissimus,uk,Introduced
Moehringia trinervia,uk,Native
Mycelis muralis,uk,Native
Myosotis laxa,uk,Native
Myosotis sylvatica,uk,Native
Narcissus pseudonarcissus,uk,Native
Rubus parviflorus,rhf,Native
Oenothera biennis,uk,Introduced
Petasites hybridus,uk,Native
Phleum pratense,uk,Native
Poa annua,uk,Native
Poa trivialis,uk,Native
Polygonum aviculare,uk,Native
Potentilla erecta,uk,Native
Quercus petraea,uk,Native
Ranunculus acris,uk,Native
Ranunculus bulbosus,uk,Native
Rumex acetosa,uk,Native
Rumex crispus,uk,Native
Scrophularia auriculata,uk,Native
Scutellaria galericulata,uk,Native
Solidago canadensis,uk,Introduced
Sonchus arvensis,uk,Native
Symphoricarpos albus,uk,Introduced
Taxus baccata,uk,Native
Tilia cordata,uk,Native
Trifolium medium,uk,Native
Vicia tetrasperma,uk,Native
Arctium lappa,uk,Introduced
Chenopodium album,uk,Native
Juncus bufonius,uk,Native
Milium effusum,uk,Native
Rubus idaeus,uk,Native
Tilia platyphyllos,uk,Introduced
Arenaria serpyllifolia,uk,Native
Bolboschoenus maritimus,uk,Native
Echium plantagineum,uk,Introduced
Phacelia tanacetifolia,uk,Introduced
Carex sylvatica,uk,Native
Frangula alnus,uk,Native
Succisa pratensis,uk,Native
Lysimachia nummularia,uk,Native
Rhus typhina,uk,Introduced
Hyoscyamus niger,uk,Introduced
Alcea rosea,uk,Introduced
Polemonium caeruleum,uk,Native
Juglans regia,uk,Introduced
Stellaria neglecta,uk,Native
Asparagus officinalis,uk,Introduced
Alopecurus myosuroides,uk,Introduced
Mercurialis annua,uk,Introduced
Dianthus barbatus,uk,Introduced
Malva neglecta,uk,Introduced
Sonchus oleraceus,uk,Native
Salix purpurea,uk,Native
Trifolium micranthum,uk,Native
Erica tetralix,uk,Native
Eriophorum angustifolium,uk,Native
Narthecium ossifragum,uk,Native
Sedum album,uk,Introduced
Epipactis helleborine,uk,Native
Coriandrum sativum,uk,Introduced
Erica cinerea,uk,Native
Molinia caerulea,uk,Native
Rumex acetosella,uk,Native
Agrostis canina,uk,Native
Carex nigra,uk,Native
Carex pilulifera,uk,Native
Carex rostrata,uk,Native
Danthonia decumbens,uk,Native
Hypochaeris radicata,uk,Native
Juncus acutiflorus,uk,Native
Juncus squarrosus,uk,Native
Pedicularis sylvatica,uk,Native
Malus domestica,uk,Introduced
Drosera rotundifolia,uk,Native
Sarracenia purpurea,uk,Introduced
Agrostis vinealis,uk,Native
Aira praecox,uk,Native
Carex echinata,uk,Native
Galium saxatile,uk,Native
Juncus tenuis,uk,Introduced
Ranunculus flammula,uk,Native
Senecio sylvaticus,uk,Native
Veronica scutellata,uk,Native
Galega officinalis,uk,Introduced
Lactuca sativa,uk,Introduced
Anthyllis vulneraria,uk,Native
Sagina procumbens,uk,Native
Veronica arvensis,uk,Native
Alnus incana,uk,Introduced
Atriplex hortensis,uk,Introduced
Coronilla varia,uk,Introduced
Hypericum humifusum,uk,Native
Lamium amplexicaule,uk,Introduced
Primula farinosa,uk,Native
Convallaria majalis,uk,Native
Polygonatum multiflorum,uk,Native
Centaurea cyanus,uk,Introduced
Primula elatior,uk,Native
Lonicera xylosteum,uk,Introduced
Campanula rotundifolia,uk,Native
Smyrnium olusatrum,uk,Introduced
Luzula sylvatica,uk,Native
Hippophae rhamnoides,uk,Native
Quercus ilex,uk,Introduced
Rumex conglomeratus,uk,Native
Pinguicula vulgaris,uk,Native
Veronica officinalis,uk,Native
Onobrychis viciifolia,uk,Introduced
Hordeum murinum,uk,Introduced
Ranunculus lingua,uk,Native
Melampyrum pratense,uk,Native
Barbarea vulgaris,uk,Native
Plantago coronopus,uk,Native
Rubus chamaemorus,uk,Native
Cakile maritima,uk,Native
Sedum anglicum,uk,Native
Sedum acre,uk,Native
Vaccinium oxycoccos,uk,Native
Crambe maritima,uk,Native
Robinia pseudoacacia,uk,Introduced
Armeria maritima,uk,Native
Claytonia sibirica,uk,Introduced
Vaccinium vitis-idaea,uk,Native
Vaccinium myrtillus,uk,Native
Euphorbia paralias,uk,Native
Inula helenium,uk,Introduced
Lathyrus latifolius,uk,Introduced
Hypericum tetrapterum,uk,Native
Nigella damascena,uk,Introduced
Cerastium tomentosum,uk,Introduced
Allium vineale,uk,Native
Euphorbia helioscopia,uk,Introduced
Umbilicus rupestris,uk,Native
Malva sylvestris,uk,Introduced
Sanicula europaea,uk,Native
Diplotaxis muralis,uk,Introduced
Melica uniflora,uk,Native
Silene uniflora,uk,Native
Thymus praecox,uk,Native
Rubus ulmifolius,uk,Native
Sanguisorba minor,uk,Native
Trifolium campestre,uk,Native
Tragopogon pratensis,uk,Native
Liriodendron tulipifera,uk,Introduced
Crithmum maritimum,uk,Native
Tsuga heterophylla,uk,Introduced
Melampyrum cristatum,uk,Native
Populus nigra,uk,Native
Senecio squalidus,uk,Native
Verbena officinalis,uk,Introduced
Arabidopsis thaliana,uk,Native
Saxifraga tridactylites,uk,Native
Phyteuma orbiculare,uk,Native
Jasione montana,uk,Native
Ononis spinosa,uk,Native
Ranunculus arvensis,uk,Introduced
Artemisia maritima,uk,Native
Nicandra physalodes,uk,Introduced
Thlaspi arvense,uk,Introduced
Trifolium subterraneum,uk,Native
Valerianella carinata,uk,Introduced
Sison amomum,uk,Native
Cochlearia officinalis,uk,Native
Ludwigia palustris,uk,Native
Galeopsis tetrahit,uk,Native
Trifolium striatum,uk,Native
Lithospermum officinale,uk,Native
Plantago maritima,uk,Native
Papaver rhoeas,uk,Introduced
Hydrocotyle vulgaris,uk,Native
Euphorbia cyparissias,uk,Native
Angelica archangelica,uk,Native
Rubus ulmifolius,Ordu_urban,Native
Hypericum hirsutum,uk,Native
Myrica gale,uk,Native
Rubus ulmifolius,uk,Native
Digitaria sanguinalis,uk,Introduced
Galanthus nivalis,uk,Introduced
Honckenya peploides,uk,Native
Veronica anagallis-aquatica,uk,Native
Acaena novae-zelandiae,uk,Introduced
Hypericum pulchrum,uk,Native
Erodium moschatum,uk,Introduced
Sambucus racemosa,uk,Introduced
Astrantia major,uk,Introduced
Helleborus foetidus,uk,Native
Lathyrus tuberosus,uk,Introduced
Laburnum anagyroides,uk,Introduced
Lupinus polyphyllus,uk,Introduced
Eryngium maritimum,uk,Native
Allium sphaerocephalon,uk,Native
Trifolium fragiferum,uk,Native
Eriophorum vaginatum,uk,Native
Campanula latifolia,uk,Native
Leucojum aestivum,uk,Native
Parnassia palustris,uk,Native
Tragopogon porrifolius,uk,Native
Pulmonaria officinalis,uk,Introduced
Saxifraga aizoides,uk,Native
Campanula glomerata,uk,Native
Linum usitatissimum,uk,Introduced
Parietaria judaica,uk,Native
Gentianella amarella,uk,Native
Myrrhis odorata,uk,Introduced
Plantago media,uk,Native
Drosera anglica,uk,Native
Crepis capillaris,uk,Native
Amsinckia menziesii,uk,Introduced
Myosotis arvensis,uk,Introduced
Papaver dubium,uk,Introduced
Salicornia europaea,uk,Native
Sanguisorba officinalis,uk,Native
Campanula persicifolia,uk,Introduced
Centaurea montana,uk,Native
Lycium barbarum,uk,Introduced
Solidago virgaurea,uk,Native
Cirsium acaule,uk,Native
Hippocrepis comosa,uk,Native
Cerastium arvense,uk,Native
Menyanthes trifoliata,uk,Native
Sherardia arvensis,uk,Native
Foeniculum vulgare,uk,Introduced
Solanum lycopersicum,uk,Introduced
Torilis nodosa,uk,Native
Helianthemum nummularium,uk,Native
Hydrocharis morsus-ranae,uk,Native
Arctostaphylos uva-ursi,uk,Native
Verbascum nigrum,uk,Native
Carex spicata,uk,Native
Vicia villosa,uk,Introduced
Helianthus annuus,uk,Introduced
Glaucium flavum,uk,Native
Pulsatilla vulgaris,uk,Native
Hippuris vulgaris,uk,Native
Leymus arenarius,uk,Native
Geranium sylvaticum,uk,Native
Juncus articulatus,uk,Native
Dianthus deltoides,uk,Native
Anthriscus caucalis,uk,Native
Vaccinium uliginosum,uk,Native
Cotula coronopifolia,uk,Introduced
Limonium vulgare,uk,Native
Sinapis arvensis,uk,Introduced
Empetrum nigrum,uk,Native
Silene gallica,uk,Introduced
Rumex conglomeratus,uk,Native
Cirsium eriophorum,uk,Native
Spergula arvensis,uk,Native
Atriplex laciniata,uk,Native
Silaum silaus,uk,Native
Atriplex prostrata,uk,Native
Genista anglica,uk,Native
Chaerophyllum temulum,uk,Native
Euphrasia nemorosa,uk,Native
Triglochin maritima,uk,Native
Medicago sativa,uk,Introduced
Rumex maritimus,uk,Native
Solanum tuberosum,uk,Introduced
Salix alba,uk,Introduced
Carex extensa,uk,Native
Daphne mezereum,uk,Native
Oxalis corniculata,uk,Introduced
Verbascum pulverulentum,uk,Native
Schoenus nigricans,uk,Native
Descurainia sophia,uk,Introduced
Rumex obtusifolius,uk,Native
Rubia peregrina,uk,Native
Briza media,uk,Native
Viola hirta,uk,Native
Anaphalis margaritacea,uk,Introduced
Carex divulsa,uk,Native
Rumex hydrolapathum,uk,Native
Rhodiola rosea,uk,Native
Deschampsia cespitosa,uk,Native
Diplotaxis tenuifolia,uk,Introduced
Silene acaulis,uk,Native
Berula erecta,uk,Native
Samolus valerandi,uk,Native
Stellaria nemorum,uk,Native
Sequoia sempervirens,uk,Introduced
Rumex obtusifolius,uk,Native
Scilla bifolia,uk,Introduced
Myosotis scorpioides,uk,Native
Gleditsia triacanthos,uk,Introduced
Impatiens parviflora,uk,Introduced
Paris quadrifolia,uk,Native
Rhynchospora alba,uk,Native
Carex flacca,uk,Native
Picea sitchensis,uk,Introduced
Poa nemoralis,uk,Native
Vicia lathyroides,uk,Native
Picris hieracioides,uk,Native
Lepidium latifolium,uk,Native
Saponaria officinalis,uk,Introduced
Crepis vesicaria,uk,Introduced
Carex arenaria,uk,Native
Hypericum elodes,uk,Native
Triglochin palustris,uk,Native
Dipsacus pilosus,uk,Native
Saxifraga oppositifolia,uk,Native
Galeopsis speciosa,uk,Introduced
Valeriana dioica,uk,Native
Rhamnus cathartica,uk,Native
Rumex obtusifolius,uk,Native
Rosa rubiginosa,uk,Native
Aira caryophyllea,uk,Native
Rumex sanguineus,uk,Native
Potamogeton natans,uk,Native
Potamogeton polygonifolius,uk,Native
Dryas octopetala,uk,Native
Mespilus germanica,uk,Introduced
Silene noctiflora,uk,Introduced
Carex panicea,uk,Native
Symphytum tuberosum,uk,Native
Cerastium diffusum,uk,Native
Cynoglossum officinale,uk,Native
Carlina vulgaris,uk,Introduced
Comarum palustre,uk,Native
Matthiola incana,uk,Introduced
Rumex sanguineus,uk,Native
Lonicera involucrata,uk,Introduced
Viola palustris,uk,Native
Calamagrostis epigejos,uk,Native
Calystegia soldanella,uk,Native
Salix caprea,uk,Native
Salix fragilis,uk,Introduced
Alchemilla alpina,uk,Native
Seseli libanotis,uk,Native
Hottonia palustris,uk,Native
Arabis hirsuta,uk,Native
Drosera intermedia,uk,Native
Carduus acanthoides,uk,Native
Artemisia absinthium,uk,introduced
Rubus caesius,uk,Native
Colutea arborescens,uk,Introduced
Montia fontana,uk,Native
Polycarpon tetraphyllum,uk,Native
Misopates orontium,uk,Introduced
Nepeta cataria,uk,Introduced
Scabiosa columbaria,uk,Introduced
Tripleurospermum maritimum,uk,Native
Sambucus ebulus,uk,Introduced
Orthilia secunda,uk,Native
Gaultheria shallon,uk,Introduced
Salvia nemorosa,uk,Introduced
Rubus spectabilis,uk,Introduced
Myriophyllum alterniflorum,uk,Native
Salvia officinalis,uk,Introduced
Rhinanthus serotinus,uk,Native
Avena fatua,uk,Introduced
Sagittaria sagittifolia,uk,Native
Bromus secalinus,uk,Introduced
Veronica agrestis,uk,Introduced
Myosotis ramosissima,uk,Native
Galium album,uk,Introduced
Cynara cardunculus,uk,Introduced
Veronica spicata,uk,Introduced
Stachys arvensis,uk,Introduced
Salix fragilis,uk,Introduced
Melittis melissophyllum,uk,Native
Erysimum cheiri,uk,Introduced
Potentilla anserina,uk,Native
Myriophyllum spicatum,uk,Native
Salvia pratensis,uk,Native
Spergularia media,uk,Native
Genista pilosa,uk,Native
Carex acutiformis,uk,Native
Serratula tinctoria,uk,Native
Genista tinctoria,uk,Native
Senecio erucifolius,uk,Native
Crataegus laevigata,uk,Native
Senecio jacobaea,uk,Native
Carex paniculata,uk,Native
Liparis loeselii,uk,Native
Polygala vulgaris,uk,Native
Lepidium campestre,uk,Introduced
Bidens cernua,uk,Native
Galinsoga parviflora,uk,Introduced
Senecio jacobaea,uk,Native
Juncus maritimus,uk,Native
Viola tricolor,uk,Native
Cydonia oblonga,uk,Introduced
Pimpinella saxifraga,uk,Native
Senecio sylvaticus,uk,Native
Geranium columbinum,uk,Native
Atriplex littoralis,uk,Native
Oxyria digyna,uk,Native
Bromus ramosus,uk,Native
Rudbeckia hirta,uk,Introduced
Sium latifolium,uk,Native
Viola canina,uk,Native
Brassica oleracea,uk,Native
Sisymbrium loeselii,uk,Introduced
Trifolium glomeratum,uk,Native
Catapodium rigidum,uk,Native
Apium graveolens,uk,Native
Rapistrum rugosum,uk,Introduced
Ulex gallii,uk,Native
Bupleurum tenuissimum,uk,Native
Viola lutea,uk,Native
Antennaria dioica,uk,Native
Iris germanica,uk,Introduced
Eleocharis palustris,uk,Native
Atriplex glabriuscula,uk,Native
Centaurium pulchellum,uk,Native
Trollius europaeus,uk,Native
Alopecurus geniculatus,uk,Native
Dianthus armeria,uk,Native
Fumaria muralis,uk,Native
Erigeron borealis,uk,Native
Sesleria caerulea,uk,Introduced
Acorus calamus,uk,Introduced
Glyceria maxima,uk,Native
Brachypodium pinnatum,uk,Native
Onopordum acanthium,uk,Introduced
Stellaria palustris,uk,Native
Picea abies,uk,Introduced
Smyrnium perfoliatum,uk,Introduced
Campanula rapunculoides,uk,Introduced
Symphyotrichum novi-belgii,uk,Introduced
Mentha pulegium,uk,Native
Bunias orientalis,uk,Introduced
Avena sativa,uk,Introduced
Carex caryophyllea,uk,Native
Lotus tenuis,uk,Native
Galium uliginosum,uk,Native
Cannabis sativa,uk,Introduced
Allium schoenoprasum,uk,Native
Euphorbia exigua,uk,Introduced
Thalictrum flavum,uk,Native
Campanula medium,uk,Introduced
Ambrosia artemisiifolia,uk,Introduced
Trisetum flavescens,uk,Native
Pyrola minor,uk,Native
Spergularia rupicola,uk,Native
Sagina apetala,uk,Native
Doronicum pardalianches,uk,Introduced
Carex strigosa,uk,Native
Verbascum virgatum,uk,Native
Sherardia arvensis,uk,Native
Sisymbrium altissimum,rhf,Introduced
Colchicum autumnale,uk,Native
Bromus tectorum,uk,Introduced
Amaranthus retroflexus,uk,Introduced
Staphylea pinnata,uk,Introduced
Sparganium emersum,uk,Native
Astragalus glycyphyllos,uk,Native
Rorippa amphibia,uk,Native
Nardus stricta,uk,Native
Bromus carinatus,uk,Introduced
Saxifraga hypnoides,uk,Native
Schoenoplectus tabernaemontani,uk,Native
Linnaea borealis,uk,Native
Ammi majus,uk,Introduced
Helianthus tuberosus,uk,Introduced
Allium scorodoprasum,uk,Native
Valerianella locusta,uk,Native
Solidago gigantea,uk,Introduced
Bidens tripartita,uk,Native
Ranunculus penicillatus,uk,Native
Solidago virgaurea,Reinischkogel,Native
Rubus parviflorus,uk,Introduced
Carthamus tinctorius,uk,Introduced
Phalaris canariensis,uk,Introduced
Quercus coccinea,uk,Introduced
Verbascum lychnitis,uk,Native
Koeleria macrantha,uk,Native
Sagina nodosa,uk,Native
Gentiana pneumonanthe,uk,Native
Euphrasia officinalis,uk,Native
Fallopia convolvulus,uk,Introduced
Illecebrum verticillatum,uk,Native
Rosa multiflora,uk,Introduced
Veronica peregrina,uk,Introduced
Cornus mas,uk,Introduced
Tilia americana,uk,Introduced
Acer rubrum,uk,Introduced
Sorbaria sorbifolia,uk,Introduced
Leontodon hispidus,uk,Native
Luzula multiflora,uk,Native
Chenopodium ficifolium,uk,Introduced
Trifolium resupinatum,uk,Introduced
Luzula pilosa,uk,Native
Hordeum jubatum,uk,Introduced
Cynodon dactylon,uk,Native
Galium boreale,uk,Native
Sonchus arvensis,uk,Native
Rorippa palustris,uk,Native
Spergularia marina,uk,Native
Galium sterneri,uk,Native
Sonchus arvensis,Ordu_urban,Native
Brassica napus,uk,Introduced
Veronica catenata,uk,Native
Catabrosa aquatica,uk,Native
Pinus contorta,uk,Introduced
Poa pratensis,uk,Native
Carex capillaris,uk,Native
Baldellia ranunculoides,uk,Native
Berberis vulgaris,uk,Introduced
Rubus fruticosus,uk,Native
Verbascum phlomoides,uk,Introduced
Bidens frondosa,uk,Introduced
Ajuga pyramidalis,uk,Native
Amaranthus caudatus,uk,Introduced
Anthemis cotula,uk,Introduced
Salix triandra,uk,Introduced
Sedum sexangulare,uk,Introduced
Thalictrum minus,uk,Native
Lathyrus palustris,uk,Native
Mentha arvensis,uk,Native
Festuca rubra,uk,Native
Sonchus asper,uk,Native
Portulaca oleracea,uk,Introduced
Taxodium distichum,uk,Introduced
Sonchus asper,uk,Native
Iberis umbellata,uk,Introduced
Hyssopus officinalis,uk,Introduced
Althaea officinalis,uk,Native
Meum athamanticum,uk,Native
Radiola linoides,uk,Native
Oxytropis campestris,uk,Native
Hypericum maculatum,uk,Native
Bromus diandrus,uk,Introduced
Pimpinella major,uk,Native
Ranunculus aquatilis,uk,Native
Phleum phleoides,uk,Native
Stellaria holostea,uk,Native
Gentianella campestris,uk,Native
Spiraea salicifolia,uk,Introduced
Gentianella germanica,uk,Native
Hieracium maculatum,uk,Native
Aster amellus,uk,Native
Aruncus dioicus,uk,Introduced
Holodiscus discolor,uk,Introduced
Symphyotrichum novae-angliae,uk,Introduced
Sorghum bicolor,uk,Introduced
Anthriscus cerefolium,uk,Introduced
Levisticum officinale,uk,Introduced
Teucrium chamaedrys,uk,Native
Panicum capillare,uk,Introduced
Salvia verticillata,uk,Introduced
Sinapis alba,uk,Introduced
Buphthalmum salicifolium,uk,Native
Thalictrum fendleri,rhf,Native
Prunus serotina,uk,Introduced
Ribes alpinum,uk,Native
Lythrum portula,uk,Native
Artemisia dracunculus,uk,Introduced
Silene nutans,uk,Native
Cardamine heptaphylla,uk,Introduced
Eucalyptus globulus,uk,Introduced
Crepis paludosa,uk,Native
Calendula arvensis,uk,Native
Cochlearia anglica,uk,Native
Thymus serpyllum,uk,Native
Chaerophyllum aureum,uk,Introduced
Melilotus indicus,uk,Introduced
Dianthus gratianopolitanus,uk,Native
Prunus cerasus,uk,Introduced
Cirsium dissectum,uk,Native
Scandix pecten-veneris,uk,Introduced
Betula nana,uk,Native
Galium murale,uk,Introduced
Hepatica nobilis,uk,Introduced
Carex pauciflora,uk,Native
Circaea alpina,uk,Native
Juncus bulbosus,uk,Native
Centaurea jacea,uk,Native
Erigeron annuus,uk,Introduced
Cyperus fuscus,uk,Native
Carex elata,uk,Native
Cicuta virosa,uk,Native
Draba aizoides,uk,Native
Medicago polymorpha,uk,Native
Thymus vulgaris,uk,Introduced
Actaea spicata,uk,Native
Gentiana nivalis,uk,Native
Tragopogon dubius,rhf,Introduced
Marrubium vulgare,uk,Native
Lolium multiflorum,uk,Introduced
Spergularia rubra,uk,Native
Aphanes australis,uk,Native
Galeopsis angustifolia,uk,Introduced
Bromus inermis,uk,Introduced
Epilobium obscurum,uk,Native
Carex pulicaris,uk,Native
Eleocharis quinqueflora,uk,Native
Abies alba,uk,Introduced
Blysmus rufus,uk,Native
Isolepis setacea,uk,Native
Trifolium campestre,Enez forest,Native
Alchemilla glabra,uk,Native
Callitriche stagnalis,uk,Native
Carex distans,uk,Native
Eriophorum latifolium,uk,Native
Carex canescens,uk,Native
Glyceria declinata,uk,Native
Carex magellanica,uk,Native
Leucojum vernum,uk,Introduced
Trifolium hybridum,rhf,Introduced
Cerastium semidecandrum,uk,Native
Pinus strobus,uk,Introduced
Calla palustris,uk,Introduced
Erigeron speciosus,uk,Introduced
Symphyotrichum ericoides,uk,Introduced
Erysimum cheiranthoides,uk,Introduced
Artemisia annua,uk,introduced
Hypochaeris glabra,uk,Native
Rosa agrestis,uk,Native
Euphorbia esula,uk,Introduced
Polygonatum odoratum,uk,Native
Anthemis arvensis,uk,Introduced
Torilis arvensis,uk,Introduced
Arabis alpina,uk,Native
Epilobium roseum,uk,Native
Oenothera parviflora,uk,Introduced
Rubus saxatilis,uk,Native
Lythrum hyssopifolia,uk,Introduced
Pinus nigra,uk,Introduced
Hieracium murorum,uk,Native
Brassica nigra,uk,Introduced
Isatis tinctoria,uk,Introduced
Berteroa incana,uk,Introduced
Rumex longifolius,uk,Native
Rumex aquaticus,uk,Native
Teesdalia nudicaulis,uk,Native
Senecio vernalis,uk,Introduced
Potentilla argentea,uk,Native
Agrostis gigantea,uk,Introduced
Cynosurus echinatus,uk,Introduced
Carum carvi,uk,Introduced
Capsicum annuum,uk,Introduced
Helianthemum apenninum,uk,Native
Eryngium campestre,uk,Introduced
Euphorbia stricta,uk,Native
Bupleurum rotundifolium,uk,Introduced
Trinia glauca,uk,Native
Logfia minima,uk,Native
Omalotheca sylvatica,uk,Native
Setaria pumila,uk,Introduced
Juglans nigra,uk,Introduced
Myosurus minimus,uk,Native
Coincya monensis,uk,Native
Melampyrum arvense,uk,Native
Mentha longifolia,uk,Native
Phyteuma spicatum,uk,Native
Eleocharis acicularis,uk,Native
Helictotrichon pratense,uk,Native
Centaurium littorale,uk,Native
Trifolium rubens,uk,Introduced
Cirsium tuberosum,uk,Native
Silene otites,uk,Native
Limosella aquatica,uk,Native
Ranunculus peltatus,uk,Native
Carex vesicaria,uk,Native
Alopecurus aequalis,uk,Native
Hieracium sabaudum,uk,Native
Sonchus palustris,uk,Native
Calamagrostis canescens,uk,Native
Corydalis cava,uk,Introduced
Poa bulbosa,uk,Native
Myosoton aquaticum,uk,Native
Medicago minima,uk,Native
Melica nutans,uk,Native
Hypericum montanum,uk,Native
Teucrium scordium,uk,Native
Sagina maritima,uk,Native
Petrorhagia nanteuilii,uk,Native
Carex digitata,uk,Native
Carex ornithopoda,uk,Native
Carex muricata,uk,Native
Rorippa islandica,uk,Native
Bromus erectus,uk,Native
Artemisia campestris,uk,Native
Pinus banksiana,uk,Introduced
Populus balsamifera,uk,Introduced
Corynephorus canescens,uk,Native
Oenanthe aquatica,uk,Native
Carex montana,uk,Native
Carex diandra,uk,Native
Valerianella dentata,uk,Introduced
Hordeum distichon,uk,Introduced
Trisetum flavescens,uk,Native
Scrophularia umbrosa,uk,Native
Juncus subnodulosus,uk,Native
Nasturtium microphyllum,uk,Native
Scleranthus annuus,uk,Native
Cerastium alpinum,uk,Native
Clematis viticella,uk,Introduced
Acacia dealbata,uk,Introduced
Bartsia alpina,uk,Native
Veronica alpina,uk,Native
Trisetum flavescens,uk,Native
Vaccinium myrtillus,Reinischkogel,Native
Scorzonera humilis,uk,Native
Bromus madritensis,uk,Introduced
Valeriana officinalis,uk,Native
Malva pusilla,uk,Introduced
Potentilla anglica,uk,Native
Hordelymus europaeus,uk,Native
Carex buxbaumii,uk,Native
Setaria viridis,uk,Introduced
Hornungia petraea,uk,Native
Prunus mahaleb,uk,Introduced
Callitriche palustris,uk,Native
Filago lutescens,uk,Native
Tofieldia pusilla,uk,Native
Campanula patula,uk,Native
Cardamine impatiens,uk,Native
Veronica triphyllos,uk,Introduced
Juncus compressus,uk,Native
Galium parisiense,uk,Introduced
Deschampsia setacea,uk,Native
Petrorhagia prolifera,uk,Introduced
Rosa dumalis,uk,Native
Bromus racemosus,uk,Native
Veronica longifolia,uk,Introduced
Veronica officinalis,Reinischkogel,Native
Populus trichocarpa,uk,Introduced
Tolpis barbata,uk,Introduced
Chenopodium vulvaria,uk,Introduced
Asarum europaeum,uk,Introduced
Taraxacum palustre,uk,Native
Lepidium virginicum,uk,Introduced
Centaurea solstitialis,uk,Native
Stachys germanica,uk,Native
Veronica fruticans,uk,Native
Carex lasiocarpa,uk,Native
Hordeum marinum,uk,Native
Asclepias syriaca,uk,Introduced
Veronica officinalis,uk,Native
Potamogeton alpinus,uk,Native
Salix daphnoides,uk,Introduced
Legousia hybrida,uk,Introduced
Carex humilis,uk,Native
Bromus commutatus,uk,Native
Herniaria glabra,uk,Native
Calocedrus decurrens,uk,Introduced
Valerianella rimosa,uk,Introduced
Vicia americana,rhf,Native
Turritis glabra,uk,Native
Acacia melanoxylon,uk,Introduced
Viola arvensis,uk,Introduced
Anemone ranunculoides,uk,Introduced
Briza minor,uk,Introduced
Vitis vinifera,uk,Introduced
Prunus pensylvanica,uk,Introduced
Teucrium botrys,uk,Native
Oxalis stricta,uk,Introduced
Festuca altissima,uk,Native
Vulpia bromoides,uk,Native
Cerastium pumilum,uk,Native
Silene dichotoma,uk,Introduced
Falcaria vulgaris,uk,Introduced
Kalmia polifolia,uk,Introduced
Potentilla crantzii,uk,Native
Trifolium aureum,uk,Introduced
Vicia faba,uk,Introduced
Tripleurospermum inodorum,Boothby,Introduced
Lotus glaber,Boothby,Introduced
Phleum bertolonii,Boothby,Native
Bromopsis ramosa,Boothby,Native
Anisantha sterilis,Boothby,Introduced
Salix aurita,Boothby,Native
Pulicaria dysenterica,Boothby,Native
Lolium giganteum,Boothby,Native
Geranium rotundifolium,Boothby,Native
Matricaria chamomilla,Boothby,Introduced
Matricaria discoidea,Boothby,Introduced
Heracleum mantegazzianum,Boothby,Introduced
Senecio aureus,Boothby,Introduced
Helminthotheca echioides,Boothby,Introduced
Festuca myuros,Boothby,Introduced
Myosotis secunda,Boothby,Native
Pteridium aquilinum,Budworth,Native
Pulicaria dysenterica,Knepp,Native
Geranium pusillum,Knepp,Native
Salix aurita,Knepp,Native
Rosa arvensis,Knepp,Native
Hordeum secalinum,Knepp,Native
Phleum bertolonii,Knepp,Native
Tripleurospermum inodorum,Knepp,Introduced
Parentucellia viscosa,Knepp,Native
Impatiens noli-tangere,Knepp,Native
Odontites vernus,Knepp,Native
Ervum tetraspermum,Knepp,Native
Pteridium aquilinum,Knepp,Native
Chamaenerion angustifolium,Knepp,Native
Persicaria hydropiper,Knepp,Native
Salix cinerea,Knepp,Native
Equisetum fluviatile,Knepp,Native
Schedonorus giganteus,Knepp,Native
Asperula cynanchica,Knepp,Native
Avenella flexuosa,Knepp,Native
Scorzoneroides autumnalis,Knepp,Native
Jacobaea vulgaris,Knepp,Native
Hyacinthoides x massartiana,Silwood Park,Introduced
Poa trivalis,Silwood Park,Native
Holcus mollis,Silwood Park,Native
Dryopteris filix-mas,Silwood Park,Native
Pteridium aquilinum,Silwood Park,Native
Rubus pruinosus,Silwood Park,Native
Jacobaea vulgaris,Silwood Park,Native
Linum tenuifolium,Silwood Park,Introduced
Carex riparia,Silwood Park,Native
Equisetum arvense,Silwood Park,Native
Erigeron canadensis,Silwood Park,Introduced
Asparagus aculeatus,Enez forest,Introduced
Pinus brutia,Enez forest,Native
Puccinellia distans,Enez forest,Native
Festuca heterophylla,Enez forest,Native
Quercus pubescens,Enez forest,Native
Ruscus aculeatus,Enez forest,Native
Lagurus ovatus,Enez forest,Native
Ulmus minor,Enez forest,Native
Smilax aspera,Ordu_urban,Native
Sorghum halepense,Ordu_urban,Introduced
Setaria glauca,Ordu_urban,Introduced
Symphyotrichum subulatum,Ordu_urban,Introduced
Persicaria hydropiper,Ordu_urban,Native
Equisetum telmateia,Ordu_urban,Native
Fragaria viridis,Ordu_urban,Native
Bejaria racemosa,Archbold,Native
Lyonia lucida,Archbold,Native
Smilax auriculata,Archbold,Native
Lyonia fruticosa,Archbold,Native
Quercus myrtifolia,Archbold,Native
Serenoa repens,Archbold,Native
Quercus inopina,Archbold,Native
Selaginella arenicola,Archbold,Native
Geobalanus oblongifolius,Archbold,Native
Aristida gyrans,Archbold,Native
Polygonum polygamum,Archbold,Native
Ceratiola ericoides,Archbold,Native
Rhynchospora megalocarpa,Archbold,Native
Quercus chapmanii,Archbold,Native
Quercus geminata,Archbold,Native
Gaylussacia dumosa,Archbold,Native
Vaccinium myrsinites,Archbold,Native
Palafoxia feayi,Archbold,Native
Ilex glabra,Archbold,Native
Vaccinium darrowii,Archbold,Native
Seymeria pectinata,Archbold,Native
Trichostema suffrutescens,Archbold,Native
Eupatorium leptophyllum,Archbold,Native
Amphicarpum muehlenbergianum,Archbold,Native
Dichanthelium portoricense,Archbold,Native
Andropogon virginicum,Archbold,Native
Drosera capillaris,Archbold,Native
Fuirena scirpoidea,Archbold,Native
Lachnanthes caroliana,Archbold,Native
Rhynchospora fascicularis,Archbold,Native
Sabal etonia,Archbold,Native
Balduina angustifolia,Archbold,Native
Commelina erecta,Archbold,Native
Quercus minima,Archbold,Native
Lechea deckertii,Archbold,Native
Cnidoscolus stimulosus,Archbold,Native
Paronychia chartacea,Archbold,Native
Hypericum tenuifolium,Archbold,Native
Aristida stricta,Archbold,Native
Morella pumila,Archbold,Native
Polygonum nesomii,Archbold,Native
Hypericum myrtifolium,Archbold,Native
Polygonum basiramia,Archbold,Native
Crocanthemum nashii,Archbold,Native
Coleataenia abscissa,Archbold,Native
Andropogon brachystachyus,Archbold,Native
Schizachyrium stoloniferum,Archbold,Native
Dichanthelium chamaelonche,Archbold,Native
Rhynchospora fernaldii,Archbold,Native
Stipulicida setacea,Archbold,Native
Hypericum edisonianum,Archbold,Native
Petasites albus,Reinischkogel,Native
Viola reichenbachiana,Reinischkogel,Native
Dryopteris filix-mas,Reinischkogel,Native
Pteridium aquilinum,Reinischkogel,Native
Luzula luzuloides,Reinischkogel,Native
Quercus robur,Reinischkogel,Native
Bromus briziformis,rhf,Introduced
Crepis acuminata,rhf,Native
Symphoricarpos oreophilus,rhf,Native
Agastache urticifolia,rhf,Native
Helianthella uniflora,rhf,Native
Lathyrus pauciflorus,rhf,Native
Eriogonum heracleoides,rhf,Native
Rudbeckia occidentalis,rhf,Native
Berberis repens,rhf,Native
Osmorhiza berteroi,rhf,Native
Lupinus sericeus,rhf,Native
Balsamorhiza sagittata,rhf,Native
Balsamorhiza macrophylla,rhf,Native
Eriogonum umbellatum,rhf,Native
Wyethia amplexicaulis,rhf,Native
Comandra umbellata,rhf,Native
Acer grandidentatum (dead leaves),rhf,
Alyssum desertorum,rhf,Introduced
Artemisia tridentata (dead bark),rhf,
Oryzopsis hymenoides,rhf,Native
Bromus marginatus,rhf,Native
Physocarpus malvaceus,rhf,Native
Mertensia arizonica,rhf,Native
Sedum debile,rhf,Native
Arnica cordifolia,rhf,Native
Collinsia parviflora,rhf,Native
Cystopteris fragilis,rhf,Native
Leymus cinereus,rhf,Native
Rosa woodsii,rhf,Native
Epilobium adenocaulon,rhf,Native
Pseudostellaria jamesiana,rhf,Native
Chrysothamnus viscidiflorus,rhf,Native
Maianthemum stellatum,rhf,Native
Geranium viscosissimum,rhf,Native
Lithospermum ruderale,rhf,Native
Cirsium pulcherrimum,rhf,Native
Lomatium dissectum,rhf,Native
Oenothera caespitosa,rhf,Native
Astragalus alpinus,rhf,Native
Collomia linearis,rhf,Native
Bromus catharticus,rhf,Introduced
Trisetum canescens,rhf,Native
Paxistima myrsinites,rhf,Native
Clematis occidentalis,rhf,Native
Prosartes trachycarpa,rhf,Native
Lithophragma parviflorum,rhf,Native
Nemophila breviflora,rhf,Native
Elymus trachycaulus,rhf,Native
Elymus lanceolatus,rhf,Native
Lomatium grayi,rhf,Native
Allium acuminatum,rhf,Native
Acer grandidentatum,rhf,Native
Hydrophyllum capitatum,rhf,Native
Agoseris parviflora,rhf,Native
Verbascum thapsus (stalks),rhf,
Artemisia ludoviciana,rhf,Native
Penstemon humilis,rhf,Native
Hackelia patens,rhf,Native
Betula occidentalis,rhf,Native
Salix exigua,rhf,Native
Equisetum arvense,rhf,Native
Geum macrophyllum,rhf,Native
Dracocephalum parviflorum,rhf,Native
Mertensia oblongifolia,rhf,Native
Epilobium brachycarpum,rhf,Native
Linaria genistifolia,rhf,Introduced
Purshia tridentata,rhf,Native
Senecio integerrimus,rhf,Native
Viola purpurea,rhf,Native
Linum lewisii,rhf,Native
Melica bulbosa,rhf,Native
Ozomelis stauropetala,rhf,Native
Eucephalus elegans,rhf,Native
Astragalus convallarius,rhf,Native
Penstemon cyananthus,rhf,Native
Petradoria pumila,rhf,Native
Calochortus nuttallii,rhf,Native
Castilleja linariifolia,rhf,Native
Elymus smithii,rhf,Native
Symphyotrichum ascendens,rhf,Native
Carex geyeri,rhf,Native
Osmorhiza occidentalis,rhf,Native
Delphinium occidentale,rhf,Native
Apocynum androsaemifolium,rhf,Native
Astragalus cibarius,rhf,Native
Leucopoa kingii,rhf,Native
Antennaria microphylla,rhf,Native
Clematis columbiana,rhf,Native
Packera streptanthifolia,rhf,Native
Shepherdia canadensis,rhf,Native
Eucephalus engelmannii,rhf,Native
Senecio serra,rhf,Native
Boechera divaricarpa,rhf,Native
Penstemon compactus,rhf,Native
Linaria dalmatica,rhf,Introduced
Arabis nuttallii,rhf,Native
Lomatium ambiguum,rhf,Native
Agoseris grandiflora,rhf,Native
Phacelia linearis,rhf,Native
Erysimum capitatum,rhf,Native
Viola nuttallii,rhf,Native
Carex geyeri,rhf,Native
Triteleia grandiflora,rhf,Native
Sambucus cerulea,rhf,Native
Mitella stauropetala,rhf,Native
Epilobium angustifolium ,rhf,Native
Agoseris glauca,rhf,Native
Festuca kingii,rhf,Native
Dieteria canescens,rhf,Native
Perideridia montana,rhf,Native
Potentilla gracilis,rhf,Native
Camassia quamash,rhf,Native
Erythronium grandiflorum,rhf,Native
Ericameria nauseosa,rhf,Native
Heliomeris multiflora,rhf,Native
Castilleja applegatei,rhf,Native
Madia glomerata,rhf,Native
Orthocarpus holmgreniorum,rhf,Native
Stipa lettermanii,rhf,Native
Juncus confusus,rhf,Native
Erigeron cronquistii,rhf,Native
Microseris nutans,rhf,Native
Juniperus scopulorum,rhf,Native
Cercocarpus ledifolius,rhf,Native
Lonicera utahensis ,rhf,Native
Sedum rhodanthum,rhf,Native
Chaenactis douglasii,rhf,Native
Valeriana occidentalis,rhf,Native
Nemophila parviflora,rhf,Native
Festuca idahoensis,rhf,Native
Agoseris aurantiaca,rhf,Native
Ipomopsis aggregata,rhf,Native
Eriogonum caespitosum,rhf,Native
Carex praegracilis,rhf,Native
Viola adunca,rhf,Native
Lomatium bicolor,rhf,Native
Aster engelmannii,rhf,Native
Achnatherum hymenoids,rhf,Native
Ribes montigenum,rhf,Native
Xyris elliottii,Archbold,Native
Syngonanthus flavidulus,Archbold,Native
Andropogon virginicus,Archbold,Native
Paepalanthus beyrichianus,Archbold,Native
Tillandsia recurvata,Archbold,Native
Anatherum capillipes,Archbold,Native
Opuntia austrina,Archbold,Native
Meliotus officinalis,rhf,Introduced
Achnatherum hymenoides,rhf,Native
